mm-yy,set,count
2022-04,Adventures in the Forgotten Realms,1
2022-04,Aether Revolt,6
2022-04,Aetherdrift,0
2022-04,Aetherdrift Commander,0
2022-04,Alara Reborn,0
2022-04,Alliances,6
2022-04,Amonkhet,9
2022-04,Amonkhet Invocations,0
2022-04,Antiquities,1
2022-04,Apocalypse,2
2022-04,Arabian Nights,0
2022-04,Arena League 2003,0
2022-04,Arena League 2004,2
2022-04,Arena League 2006,0
2022-04,Assassin's Creed,0
2022-04,Avacyn Restored,0
2022-04,Avacyn Restored Promos,0
2022-04,Avatar: The Last Airbender,0
2022-04,Avatar: The Last Airbender Eternal,0
2022-04,Battle for Zendikar,1
2022-04,Battlebond,1
2022-04,Betrayers of Kamigawa,1
2022-04,Bloomburrow,0
2022-04,Bloomburrow Commander,0
2022-04,Born of the Gods,1
2022-04,Champions of Kamigawa,4
2022-04,Coldsnap,0
2022-04,Commander 2011,0
2022-04,Commander 2013,5
2022-04,Commander 2014,1
2022-04,Commander 2015,4
2022-04,Commander 2016,0
2022-04,Commander 2018,4
2022-04,Commander 2019,3
2022-04,Commander 2020,2
2022-04,Commander 2021,3
2022-04,Commander Legends,7
2022-04,Commander Legends: Battle for Baldur's Gate,0
2022-04,Commander Masters,0
2022-04,Conflux,0
2022-04,Conspiracy,1
2022-04,Conspiracy: Take the Crown,4
2022-04,Core Set 2019,2
2022-04,Core Set 2020,6
2022-04,Core Set 2021,5
2022-04,Crimson Vow Commander,0
2022-04,Dark Ascension,4
2022-04,Dark Ascension Promos,0
2022-04,Darksteel,6
2022-04,Dissension,4
2022-04,Doctor Who,0
2022-04,Dominaria,1
2022-04,Dominaria United,0
2022-04,Dominaria United Commander,0
2022-04,Dragon's Maze,0
2022-04,Dragon's Maze Promos,0
2022-04,Dragons of Tarkir,1
2022-04,Duel Decks: Blessed vs. Cursed,0
2022-04,Duel Decks: Izzet vs. Golgari,0
2022-04,Duel Decks: Zendikar vs. Eldrazi,0
2022-04,Duskmourn: House of Horror,0
2022-04,Duskmourn: House of Horror Commander,0
2022-04,Edge of Eternities,0
2022-04,Edge of Eternities Commander,0
2022-04,Eldritch Moon,11
2022-04,Eventide,0
2022-04,Exodus,2
2022-04,Fallen Empires,1
2022-04,Fallout,0
2022-04,Fate Reforged,3
2022-04,Fifth Dawn,5
2022-04,Final Fantasy,0
2022-04,Final Fantasy Commander,0
2022-04,Forgotten Realms Commander,0
2022-04,Foundations,0
2022-04,Foundations Jumpstart,0
2022-04,Friday Night Magic 2003,0
2022-04,Friday Night Magic 2011,0
2022-04,Friday Night Magic 2012,0
2022-04,Friday Night Magic 2013,0
2022-04,Friday Night Magic 2014,0
2022-04,Friday Night Magic 2015,0
2022-04,Friday Night Magic 2016,0
2022-04,Friday Night Magic 2017,4
2022-04,From the Vault: Legends,0
2022-04,Future Sight,7
2022-04,Game Day Promos,0
2022-04,Gatecrash,1
2022-04,Guildpact,2
2022-04,Guilds of Ravnica,7
2022-04,HarperPrism Book Promos,3
2022-04,Homelands,0
2022-04,Hour of Devastation,4
2022-04,Ice Age,8
2022-04,Ikoria: Lair of Behemoths,5
2022-04,Innistrad,5
2022-04,Innistrad: Crimson Vow,6
2022-04,Innistrad: Midnight Hunt,16
2022-04,Invasion,4
2022-04,Ixalan,3
2022-04,Journey into Nyx,2
2022-04,Journey into Nyx Promos,0
2022-04,Judge Gift Cards 1998,1
2022-04,Judgment,1
2022-04,Jumpstart,0
2022-04,Jumpstart 2022,0
2022-04,Jurassic World Collection,0
2022-04,Kaladesh,7
2022-04,Kaladesh Inventions,1
2022-04,Kaldheim,1
2022-04,Kamigawa: Neon Dynasty,5
2022-04,Khans of Tarkir,5
2022-04,Legends,7
2022-04,Legions,0
2022-04,Limited Edition Alpha,27
2022-04,Limited Edition Beta,0
2022-04,Lorwyn,13
2022-04,Lorwyn Eclipsed,0
2022-04,Lorwyn Eclipsed Commander,0
2022-04,Lorwyn Promos,0
2022-04,MTG Arena Promos,0
2022-04,Magic 2010,0
2022-04,Magic 2010 Promos,0
2022-04,Magic 2011,4
2022-04,Magic 2011 Promos,0
2022-04,Magic 2012,0
2022-04,Magic 2013,2
2022-04,Magic 2014,1
2022-04,Magic 2015,0
2022-04,Magic 2015 Promos,2
2022-04,Magic Origins,5
2022-04,MagicFest 2025,0
2022-04,March of the Machine,0
2022-04,March of the Machine Commander,0
2022-04,March of the Machine: The Aftermath,0
2022-04,Mercadian Masques,2
2022-04,Mirage,1
2022-04,Mirrodin,10
2022-04,Mirrodin Besieged,1
2022-04,Mirrodin Besieged Promos,0
2022-04,Modern Horizons,16
2022-04,Modern Horizons 2,22
2022-04,Modern Horizons 3,0
2022-04,Modern Horizons 3 Commander,0
2022-04,Morningtide,3
2022-04,Murders at Karlov Manor,0
2022-04,Murders at Karlov Manor Commander,0
2022-04,Nemesis,1
2022-04,Neon Dynasty Commander,0
2022-04,New Capenna Commander,0
2022-04,New Phyrexia,3
2022-04,New Phyrexia Promos,0
2022-04,Oath of the Gatewatch,3
2022-04,Odyssey,3
2022-04,Onslaught,0
2022-04,Outlaws of Thunder Junction,0
2022-04,Outlaws of Thunder Junction Commander,0
2022-04,Phyrexia: All Will Be One,0
2022-04,Phyrexia: All Will Be One Commander,0
2022-04,Planar Chaos,8
2022-04,Planechase 2012,3
2022-04,Planeshift,1
2022-04,Portal,1
2022-04,Portal Second Age,2
2022-04,Portal Three Kingdoms,1
2022-04,Prophecy,0
2022-04,Ravnica Allegiance,6
2022-04,Ravnica: City of Guilds,9
2022-04,Ravnica: Clue Edition,0
2022-04,Return to Ravnica,8
2022-04,Return to Ravnica Promos,0
2022-04,Rise of the Eldrazi,5
2022-04,Rivals of Ixalan,2
2022-04,Salvat 2005,1
2022-04,San Diego Comic-Con 2013,0
2022-04,San Diego Comic-Con 2015,3
2022-04,Saviors of Kamigawa,0
2022-04,Scars of Mirrodin,8
2022-04,Scars of Mirrodin Promos,0
2022-04,Scourge,2
2022-04,Secret Lair Drop,0
2022-04,Shadowmoor,1
2022-04,Shadows over Innistrad,3
2022-04,Shards of Alara,4
2022-04,Spotlight Series,0
2022-04,Starter 1999,0
2022-04,Streets of New Capenna,0
2022-04,Streets of New Capenna Promos,0
2022-04,Strixhaven Mystical Archive,0
2022-04,Strixhaven: School of Mages,8
2022-04,Stronghold,7
2022-04,Tales of Middle-earth Commander,0
2022-04,Tarkir: Dragonstorm,0
2022-04,Tarkir: Dragonstorm Commander,0
2022-04,Teenage Mutant Ninja Turtles,0
2022-04,Teenage Mutant Ninja Turtles Eternal,0
2022-04,Tempest,4
2022-04,The Big Score,0
2022-04,The Brothers' War,0
2022-04,The Brothers' War Commander,0
2022-04,The Dark,3
2022-04,The List,1
2022-04,The Lord of the Rings: Tales of Middle-earth,0
2022-04,The Lost Caverns of Ixalan,0
2022-04,The Lost Caverns of Ixalan Commander,0
2022-04,Theros,3
2022-04,Theros Beyond Death,9
2022-04,Theros Promos,0
2022-04,Throne of Eldraine,21
2022-04,Through the Omenpaths,0
2022-04,Time Spiral,2
2022-04,Time Spiral Promos,0
2022-04,Torment,1
2022-04,Transformers,0
2022-04,Treasure Chest,0
2022-04,Ugin's Fate,1
2022-04,Unfinity,0
2022-04,Urza's Destiny,1
2022-04,Urza's Legacy,8
2022-04,Urza's Saga,7
2022-04,Visions,5
2022-04,War of the Spark,4
2022-04,"Warhammer 40,000 Commander",0
2022-04,Weatherlight,1
2022-04,Wilds of Eldraine,0
2022-04,Wilds of Eldraine Commander,0
2022-04,Wizards Play Network 2012,0
2022-04,Wizards Play Network 2024,0
2022-04,Worldwake,8
2022-04,Zendikar,7
2022-04,Zendikar Rising,11
2022-05,Adventures in the Forgotten Realms,2
2022-05,Aether Revolt,5
2022-05,Aetherdrift,0
2022-05,Aetherdrift Commander,0
2022-05,Alara Reborn,3
2022-05,Alliances,3
2022-05,Amonkhet,4
2022-05,Amonkhet Invocations,0
2022-05,Antiquities,2
2022-05,Apocalypse,1
2022-05,Arabian Nights,0
2022-05,Arena League 2003,0
2022-05,Arena League 2004,2
2022-05,Arena League 2006,0
2022-05,Assassin's Creed,0
2022-05,Avacyn Restored,0
2022-05,Avacyn Restored Promos,1
2022-05,Avatar: The Last Airbender,0
2022-05,Avatar: The Last Airbender Eternal,0
2022-05,Battle for Zendikar,0
2022-05,Battlebond,4
2022-05,Betrayers of Kamigawa,2
2022-05,Bloomburrow,0
2022-05,Bloomburrow Commander,0
2022-05,Born of the Gods,2
2022-05,Champions of Kamigawa,2
2022-05,Coldsnap,3
2022-05,Commander 2011,3
2022-05,Commander 2013,1
2022-05,Commander 2014,1
2022-05,Commander 2015,2
2022-05,Commander 2016,0
2022-05,Commander 2018,0
2022-05,Commander 2019,4
2022-05,Commander 2020,2
2022-05,Commander 2021,3
2022-05,Commander Legends,4
2022-05,Commander Legends: Battle for Baldur's Gate,0
2022-05,Commander Masters,0
2022-05,Conflux,6
2022-05,Conspiracy,0
2022-05,Conspiracy: Take the Crown,4
2022-05,Core Set 2019,1
2022-05,Core Set 2020,6
2022-05,Core Set 2021,3
2022-05,Crimson Vow Commander,0
2022-05,Dark Ascension,7
2022-05,Dark Ascension Promos,0
2022-05,Darksteel,4
2022-05,Dissension,2
2022-05,Doctor Who,0
2022-05,Dominaria,1
2022-05,Dominaria United,0
2022-05,Dominaria United Commander,0
2022-05,Dragon's Maze,2
2022-05,Dragon's Maze Promos,0
2022-05,Dragons of Tarkir,2
2022-05,Duel Decks: Blessed vs. Cursed,0
2022-05,Duel Decks: Izzet vs. Golgari,2
2022-05,Duel Decks: Zendikar vs. Eldrazi,0
2022-05,Duskmourn: House of Horror,0
2022-05,Duskmourn: House of Horror Commander,0
2022-05,Edge of Eternities,0
2022-05,Edge of Eternities Commander,0
2022-05,Eldritch Moon,8
2022-05,Eventide,0
2022-05,Exodus,3
2022-05,Fallen Empires,1
2022-05,Fallout,0
2022-05,Fate Reforged,1
2022-05,Fifth Dawn,11
2022-05,Final Fantasy,0
2022-05,Final Fantasy Commander,0
2022-05,Forgotten Realms Commander,0
2022-05,Foundations,0
2022-05,Foundations Jumpstart,0
2022-05,Friday Night Magic 2003,0
2022-05,Friday Night Magic 2011,0
2022-05,Friday Night Magic 2012,0
2022-05,Friday Night Magic 2013,0
2022-05,Friday Night Magic 2014,0
2022-05,Friday Night Magic 2015,0
2022-05,Friday Night Magic 2016,0
2022-05,Friday Night Magic 2017,4
2022-05,From the Vault: Legends,0
2022-05,Future Sight,6
2022-05,Game Day Promos,1
2022-05,Gatecrash,1
2022-05,Guildpact,1
2022-05,Guilds of Ravnica,6
2022-05,HarperPrism Book Promos,1
2022-05,Homelands,2
2022-05,Hour of Devastation,4
2022-05,Ice Age,10
2022-05,Ikoria: Lair of Behemoths,4
2022-05,Innistrad,5
2022-05,Innistrad: Crimson Vow,3
2022-05,Innistrad: Midnight Hunt,9
2022-05,Invasion,4
2022-05,Ixalan,3
2022-05,Journey into Nyx,1
2022-05,Journey into Nyx Promos,0
2022-05,Judge Gift Cards 1998,0
2022-05,Judgment,2
2022-05,Jumpstart,0
2022-05,Jumpstart 2022,0
2022-05,Jurassic World Collection,0
2022-05,Kaladesh,6
2022-05,Kaladesh Inventions,0
2022-05,Kaldheim,1
2022-05,Kamigawa: Neon Dynasty,2
2022-05,Khans of Tarkir,7
2022-05,Legends,6
2022-05,Legions,0
2022-05,Limited Edition Alpha,30
2022-05,Limited Edition Beta,0
2022-05,Lorwyn,7
2022-05,Lorwyn Eclipsed,0
2022-05,Lorwyn Eclipsed Commander,0
2022-05,Lorwyn Promos,0
2022-05,MTG Arena Promos,0
2022-05,Magic 2010,1
2022-05,Magic 2010 Promos,0
2022-05,Magic 2011,5
2022-05,Magic 2011 Promos,0
2022-05,Magic 2012,0
2022-05,Magic 2013,2
2022-05,Magic 2014,3
2022-05,Magic 2015,1
2022-05,Magic 2015 Promos,1
2022-05,Magic Origins,4
2022-05,MagicFest 2025,0
2022-05,March of the Machine,0
2022-05,March of the Machine Commander,0
2022-05,March of the Machine: The Aftermath,0
2022-05,Mercadian Masques,1
2022-05,Mirage,4
2022-05,Mirrodin,13
2022-05,Mirrodin Besieged,3
2022-05,Mirrodin Besieged Promos,0
2022-05,Modern Horizons,14
2022-05,Modern Horizons 2,39
2022-05,Modern Horizons 3,0
2022-05,Modern Horizons 3 Commander,0
2022-05,Morningtide,1
2022-05,Murders at Karlov Manor,0
2022-05,Murders at Karlov Manor Commander,0
2022-05,Nemesis,2
2022-05,Neon Dynasty Commander,0
2022-05,New Capenna Commander,0
2022-05,New Phyrexia,4
2022-05,New Phyrexia Promos,0
2022-05,Oath of the Gatewatch,2
2022-05,Odyssey,7
2022-05,Onslaught,1
2022-05,Outlaws of Thunder Junction,0
2022-05,Outlaws of Thunder Junction Commander,0
2022-05,Phyrexia: All Will Be One,0
2022-05,Phyrexia: All Will Be One Commander,0
2022-05,Planar Chaos,2
2022-05,Planechase 2012,1
2022-05,Planeshift,7
2022-05,Portal,1
2022-05,Portal Second Age,3
2022-05,Portal Three Kingdoms,3
2022-05,Prophecy,1
2022-05,Ravnica Allegiance,3
2022-05,Ravnica: City of Guilds,5
2022-05,Ravnica: Clue Edition,0
2022-05,Return to Ravnica,8
2022-05,Return to Ravnica Promos,0
2022-05,Rise of the Eldrazi,8
2022-05,Rivals of Ixalan,1
2022-05,Salvat 2005,2
2022-05,San Diego Comic-Con 2013,1
2022-05,San Diego Comic-Con 2015,0
2022-05,Saviors of Kamigawa,0
2022-05,Scars of Mirrodin,5
2022-05,Scars of Mirrodin Promos,0
2022-05,Scourge,5
2022-05,Secret Lair Drop,0
2022-05,Shadowmoor,5
2022-05,Shadows over Innistrad,5
2022-05,Shards of Alara,2
2022-05,Spotlight Series,0
2022-05,Starter 1999,1
2022-05,Streets of New Capenna,0
2022-05,Streets of New Capenna Promos,5
2022-05,Strixhaven Mystical Archive,2
2022-05,Strixhaven: School of Mages,6
2022-05,Stronghold,3
2022-05,Tales of Middle-earth Commander,0
2022-05,Tarkir: Dragonstorm,0
2022-05,Tarkir: Dragonstorm Commander,0
2022-05,Teenage Mutant Ninja Turtles,0
2022-05,Teenage Mutant Ninja Turtles Eternal,0
2022-05,Tempest,6
2022-05,The Big Score,0
2022-05,The Brothers' War,0
2022-05,The Brothers' War Commander,0
2022-05,The Dark,4
2022-05,The List,1
2022-05,The Lord of the Rings: Tales of Middle-earth,0
2022-05,The Lost Caverns of Ixalan,0
2022-05,The Lost Caverns of Ixalan Commander,0
2022-05,Theros,2
2022-05,Theros Beyond Death,8
2022-05,Theros Promos,1
2022-05,Throne of Eldraine,15
2022-05,Through the Omenpaths,0
2022-05,Time Spiral,2
2022-05,Time Spiral Promos,0
2022-05,Torment,2
2022-05,Transformers,0
2022-05,Treasure Chest,0
2022-05,Ugin's Fate,0
2022-05,Unfinity,0
2022-05,Urza's Destiny,0
2022-05,Urza's Legacy,11
2022-05,Urza's Saga,8
2022-05,Visions,3
2022-05,War of the Spark,13
2022-05,"Warhammer 40,000 Commander",0
2022-05,Weatherlight,1
2022-05,Wilds of Eldraine,0
2022-05,Wilds of Eldraine Commander,0
2022-05,Wizards Play Network 2012,0
2022-05,Wizards Play Network 2024,0
2022-05,Worldwake,3
2022-05,Zendikar,8
2022-05,Zendikar Rising,6
2022-07,Adventures in the Forgotten Realms,1
2022-07,Aether Revolt,3
2022-07,Aetherdrift,0
2022-07,Aetherdrift Commander,0
2022-07,Alara Reborn,1
2022-07,Alliances,4
2022-07,Amonkhet,1
2022-07,Amonkhet Invocations,0
2022-07,Antiquities,2
2022-07,Apocalypse,3
2022-07,Arabian Nights,0
2022-07,Arena League 2003,0
2022-07,Arena League 2004,2
2022-07,Arena League 2006,0
2022-07,Assassin's Creed,0
2022-07,Avacyn Restored,2
2022-07,Avacyn Restored Promos,1
2022-07,Avatar: The Last Airbender,0
2022-07,Avatar: The Last Airbender Eternal,0
2022-07,Battle for Zendikar,2
2022-07,Battlebond,2
2022-07,Betrayers of Kamigawa,2
2022-07,Bloomburrow,0
2022-07,Bloomburrow Commander,0
2022-07,Born of the Gods,5
2022-07,Champions of Kamigawa,4
2022-07,Coldsnap,4
2022-07,Commander 2011,5
2022-07,Commander 2013,2
2022-07,Commander 2014,4
2022-07,Commander 2015,1
2022-07,Commander 2016,0
2022-07,Commander 2018,0
2022-07,Commander 2019,5
2022-07,Commander 2020,0
2022-07,Commander 2021,1
2022-07,Commander Legends,4
2022-07,Commander Legends: Battle for Baldur's Gate,4
2022-07,Commander Masters,0
2022-07,Conflux,5
2022-07,Conspiracy,2
2022-07,Conspiracy: Take the Crown,5
2022-07,Core Set 2019,2
2022-07,Core Set 2020,3
2022-07,Core Set 2021,1
2022-07,Crimson Vow Commander,0
2022-07,Dark Ascension,4
2022-07,Dark Ascension Promos,0
2022-07,Darksteel,5
2022-07,Dissension,5
2022-07,Doctor Who,0
2022-07,Dominaria,3
2022-07,Dominaria United,0
2022-07,Dominaria United Commander,0
2022-07,Dragon's Maze,2
2022-07,Dragon's Maze Promos,0
2022-07,Dragons of Tarkir,4
2022-07,Duel Decks: Blessed vs. Cursed,0
2022-07,Duel Decks: Izzet vs. Golgari,1
2022-07,Duel Decks: Zendikar vs. Eldrazi,0
2022-07,Duskmourn: House of Horror,0
2022-07,Duskmourn: House of Horror Commander,0
2022-07,Edge of Eternities,0
2022-07,Edge of Eternities Commander,0
2022-07,Eldritch Moon,8
2022-07,Eventide,0
2022-07,Exodus,2
2022-07,Fallen Empires,2
2022-07,Fallout,0
2022-07,Fate Reforged,4
2022-07,Fifth Dawn,10
2022-07,Final Fantasy,0
2022-07,Final Fantasy Commander,0
2022-07,Forgotten Realms Commander,0
2022-07,Foundations,0
2022-07,Foundations Jumpstart,0
2022-07,Friday Night Magic 2003,0
2022-07,Friday Night Magic 2011,1
2022-07,Friday Night Magic 2012,0
2022-07,Friday Night Magic 2013,0
2022-07,Friday Night Magic 2014,0
2022-07,Friday Night Magic 2015,1
2022-07,Friday Night Magic 2016,0
2022-07,Friday Night Magic 2017,3
2022-07,From the Vault: Legends,0
2022-07,Future Sight,9
2022-07,Game Day Promos,1
2022-07,Gatecrash,0
2022-07,Guildpact,1
2022-07,Guilds of Ravnica,3
2022-07,HarperPrism Book Promos,1
2022-07,Homelands,1
2022-07,Hour of Devastation,3
2022-07,Ice Age,12
2022-07,Ikoria: Lair of Behemoths,4
2022-07,Innistrad,5
2022-07,Innistrad: Crimson Vow,3
2022-07,Innistrad: Midnight Hunt,16
2022-07,Invasion,6
2022-07,Ixalan,0
2022-07,Journey into Nyx,0
2022-07,Journey into Nyx Promos,0
2022-07,Judge Gift Cards 1998,0
2022-07,Judgment,0
2022-07,Jumpstart,0
2022-07,Jumpstart 2022,0
2022-07,Jurassic World Collection,0
2022-07,Kaladesh,1
2022-07,Kaladesh Inventions,0
2022-07,Kaldheim,2
2022-07,Kamigawa: Neon Dynasty,8
2022-07,Khans of Tarkir,0
2022-07,Legends,4
2022-07,Legions,0
2022-07,Limited Edition Alpha,29
2022-07,Limited Edition Beta,0
2022-07,Lorwyn,11
2022-07,Lorwyn Eclipsed,0
2022-07,Lorwyn Eclipsed Commander,0
2022-07,Lorwyn Promos,0
2022-07,MTG Arena Promos,0
2022-07,Magic 2010,2
2022-07,Magic 2010 Promos,0
2022-07,Magic 2011,7
2022-07,Magic 2011 Promos,0
2022-07,Magic 2012,1
2022-07,Magic 2013,2
2022-07,Magic 2014,4
2022-07,Magic 2015,0
2022-07,Magic 2015 Promos,0
2022-07,Magic Origins,3
2022-07,MagicFest 2025,0
2022-07,March of the Machine,0
2022-07,March of the Machine Commander,0
2022-07,March of the Machine: The Aftermath,0
2022-07,Mercadian Masques,0
2022-07,Mirage,4
2022-07,Mirrodin,9
2022-07,Mirrodin Besieged,6
2022-07,Mirrodin Besieged Promos,0
2022-07,Modern Horizons,20
2022-07,Modern Horizons 2,33
2022-07,Modern Horizons 3,0
2022-07,Modern Horizons 3 Commander,0
2022-07,Morningtide,1
2022-07,Murders at Karlov Manor,0
2022-07,Murders at Karlov Manor Commander,0
2022-07,Nemesis,1
2022-07,Neon Dynasty Commander,0
2022-07,New Capenna Commander,1
2022-07,New Phyrexia,4
2022-07,New Phyrexia Promos,0
2022-07,Oath of the Gatewatch,0
2022-07,Odyssey,4
2022-07,Onslaught,1
2022-07,Outlaws of Thunder Junction,0
2022-07,Outlaws of Thunder Junction Commander,0
2022-07,Phyrexia: All Will Be One,0
2022-07,Phyrexia: All Will Be One Commander,0
2022-07,Planar Chaos,1
2022-07,Planechase 2012,1
2022-07,Planeshift,4
2022-07,Portal,2
2022-07,Portal Second Age,3
2022-07,Portal Three Kingdoms,1
2022-07,Prophecy,1
2022-07,Ravnica Allegiance,3
2022-07,Ravnica: City of Guilds,12
2022-07,Ravnica: Clue Edition,0
2022-07,Return to Ravnica,4
2022-07,Return to Ravnica Promos,2
2022-07,Rise of the Eldrazi,7
2022-07,Rivals of Ixalan,1
2022-07,Salvat 2005,1
2022-07,San Diego Comic-Con 2013,0
2022-07,San Diego Comic-Con 2015,1
2022-07,Saviors of Kamigawa,0
2022-07,Scars of Mirrodin,2
2022-07,Scars of Mirrodin Promos,0
2022-07,Scourge,4
2022-07,Secret Lair Drop,0
2022-07,Shadowmoor,3
2022-07,Shadows over Innistrad,6
2022-07,Shards of Alara,3
2022-07,Spotlight Series,0
2022-07,Starter 1999,1
2022-07,Streets of New Capenna,0
2022-07,Streets of New Capenna Promos,1
2022-07,Strixhaven Mystical Archive,1
2022-07,Strixhaven: School of Mages,4
2022-07,Stronghold,7
2022-07,Tales of Middle-earth Commander,0
2022-07,Tarkir: Dragonstorm,0
2022-07,Tarkir: Dragonstorm Commander,0
2022-07,Teenage Mutant Ninja Turtles,0
2022-07,Teenage Mutant Ninja Turtles Eternal,0
2022-07,Tempest,5
2022-07,The Big Score,0
2022-07,The Brothers' War,0
2022-07,The Brothers' War Commander,0
2022-07,The Dark,2
2022-07,The List,2
2022-07,The Lord of the Rings: Tales of Middle-earth,0
2022-07,The Lost Caverns of Ixalan,0
2022-07,The Lost Caverns of Ixalan Commander,0
2022-07,Theros,2
2022-07,Theros Beyond Death,8
2022-07,Theros Promos,1
2022-07,Throne of Eldraine,8
2022-07,Through the Omenpaths,0
2022-07,Time Spiral,1
2022-07,Time Spiral Promos,0
2022-07,Torment,1
2022-07,Transformers,0
2022-07,Treasure Chest,1
2022-07,Ugin's Fate,0
2022-07,Unfinity,0
2022-07,Urza's Destiny,1
2022-07,Urza's Legacy,12
2022-07,Urza's Saga,9
2022-07,Visions,7
2022-07,War of the Spark,10
2022-07,"Warhammer 40,000 Commander",0
2022-07,Weatherlight,2
2022-07,Wilds of Eldraine,0
2022-07,Wilds of Eldraine Commander,0
2022-07,Wizards Play Network 2012,0
2022-07,Wizards Play Network 2024,0
2022-07,Worldwake,6
2022-07,Zendikar,5
2022-07,Zendikar Rising,6
2022-09,Adventures in the Forgotten Realms,0
2022-09,Aether Revolt,4
2022-09,Aetherdrift,0
2022-09,Aetherdrift Commander,0
2022-09,Alara Reborn,2
2022-09,Alliances,2
2022-09,Amonkhet,1
2022-09,Amonkhet Invocations,0
2022-09,Antiquities,1
2022-09,Apocalypse,3
2022-09,Arabian Nights,0
2022-09,Arena League 2003,0
2022-09,Arena League 2004,1
2022-09,Arena League 2006,0
2022-09,Assassin's Creed,0
2022-09,Avacyn Restored,0
2022-09,Avacyn Restored Promos,2
2022-09,Avatar: The Last Airbender,0
2022-09,Avatar: The Last Airbender Eternal,0
2022-09,Battle for Zendikar,1
2022-09,Battlebond,0
2022-09,Betrayers of Kamigawa,3
2022-09,Bloomburrow,0
2022-09,Bloomburrow Commander,0
2022-09,Born of the Gods,2
2022-09,Champions of Kamigawa,3
2022-09,Coldsnap,1
2022-09,Commander 2011,2
2022-09,Commander 2013,1
2022-09,Commander 2014,1
2022-09,Commander 2015,3
2022-09,Commander 2016,1
2022-09,Commander 2018,1
2022-09,Commander 2019,2
2022-09,Commander 2020,2
2022-09,Commander 2021,4
2022-09,Commander Legends,5
2022-09,Commander Legends: Battle for Baldur's Gate,11
2022-09,Commander Masters,0
2022-09,Conflux,5
2022-09,Conspiracy,0
2022-09,Conspiracy: Take the Crown,9
2022-09,Core Set 2019,1
2022-09,Core Set 2020,4
2022-09,Core Set 2021,3
2022-09,Crimson Vow Commander,0
2022-09,Dark Ascension,4
2022-09,Dark Ascension Promos,0
2022-09,Darksteel,7
2022-09,Dissension,3
2022-09,Doctor Who,0
2022-09,Dominaria,1
2022-09,Dominaria United,2
2022-09,Dominaria United Commander,1
2022-09,Dragon's Maze,1
2022-09,Dragon's Maze Promos,0
2022-09,Dragons of Tarkir,5
2022-09,Duel Decks: Blessed vs. Cursed,0
2022-09,Duel Decks: Izzet vs. Golgari,0
2022-09,Duel Decks: Zendikar vs. Eldrazi,0
2022-09,Duskmourn: House of Horror,0
2022-09,Duskmourn: House of Horror Commander,0
2022-09,Edge of Eternities,0
2022-09,Edge of Eternities Commander,0
2022-09,Eldritch Moon,12
2022-09,Eventide,0
2022-09,Exodus,2
2022-09,Fallen Empires,3
2022-09,Fallout,0
2022-09,Fate Reforged,3
2022-09,Fifth Dawn,5
2022-09,Final Fantasy,0
2022-09,Final Fantasy Commander,0
2022-09,Forgotten Realms Commander,2
2022-09,Foundations,0
2022-09,Foundations Jumpstart,0
2022-09,Friday Night Magic 2003,0
2022-09,Friday Night Magic 2011,0
2022-09,Friday Night Magic 2012,0
2022-09,Friday Night Magic 2013,0
2022-09,Friday Night Magic 2014,0
2022-09,Friday Night Magic 2015,0
2022-09,Friday Night Magic 2016,0
2022-09,Friday Night Magic 2017,4
2022-09,From the Vault: Legends,0
2022-09,Future Sight,6
2022-09,Game Day Promos,1
2022-09,Gatecrash,1
2022-09,Guildpact,1
2022-09,Guilds of Ravnica,4
2022-09,HarperPrism Book Promos,2
2022-09,Homelands,2
2022-09,Hour of Devastation,5
2022-09,Ice Age,4
2022-09,Ikoria: Lair of Behemoths,7
2022-09,Innistrad,5
2022-09,Innistrad: Crimson Vow,5
2022-09,Innistrad: Midnight Hunt,13
2022-09,Invasion,1
2022-09,Ixalan,0
2022-09,Journey into Nyx,0
2022-09,Journey into Nyx Promos,0
2022-09,Judge Gift Cards 1998,0
2022-09,Judgment,1
2022-09,Jumpstart,0
2022-09,Jumpstart 2022,0
2022-09,Jurassic World Collection,0
2022-09,Kaladesh,5
2022-09,Kaladesh Inventions,1
2022-09,Kaldheim,1
2022-09,Kamigawa: Neon Dynasty,9
2022-09,Khans of Tarkir,3
2022-09,Legends,6
2022-09,Legions,0
2022-09,Limited Edition Alpha,37
2022-09,Limited Edition Beta,0
2022-09,Lorwyn,6
2022-09,Lorwyn Eclipsed,0
2022-09,Lorwyn Eclipsed Commander,0
2022-09,Lorwyn Promos,0
2022-09,MTG Arena Promos,0
2022-09,Magic 2010,2
2022-09,Magic 2010 Promos,0
2022-09,Magic 2011,4
2022-09,Magic 2011 Promos,0
2022-09,Magic 2012,0
2022-09,Magic 2013,0
2022-09,Magic 2014,5
2022-09,Magic 2015,0
2022-09,Magic 2015 Promos,3
2022-09,Magic Origins,0
2022-09,MagicFest 2025,0
2022-09,March of the Machine,0
2022-09,March of the Machine Commander,0
2022-09,March of the Machine: The Aftermath,0
2022-09,Mercadian Masques,0
2022-09,Mirage,3
2022-09,Mirrodin,8
2022-09,Mirrodin Besieged,3
2022-09,Mirrodin Besieged Promos,0
2022-09,Modern Horizons,19
2022-09,Modern Horizons 2,46
2022-09,Modern Horizons 3,0
2022-09,Modern Horizons 3 Commander,0
2022-09,Morningtide,1
2022-09,Murders at Karlov Manor,0
2022-09,Murders at Karlov Manor Commander,0
2022-09,Nemesis,1
2022-09,Neon Dynasty Commander,3
2022-09,New Capenna Commander,0
2022-09,New Phyrexia,3
2022-09,New Phyrexia Promos,0
2022-09,Oath of the Gatewatch,0
2022-09,Odyssey,2
2022-09,Onslaught,0
2022-09,Outlaws of Thunder Junction,0
2022-09,Outlaws of Thunder Junction Commander,0
2022-09,Phyrexia: All Will Be One,0
2022-09,Phyrexia: All Will Be One Commander,0
2022-09,Planar Chaos,1
2022-09,Planechase 2012,0
2022-09,Planeshift,4
2022-09,Portal,0
2022-09,Portal Second Age,1
2022-09,Portal Three Kingdoms,1
2022-09,Prophecy,0
2022-09,Ravnica Allegiance,0
2022-09,Ravnica: City of Guilds,8
2022-09,Ravnica: Clue Edition,0
2022-09,Return to Ravnica,6
2022-09,Return to Ravnica Promos,1
2022-09,Rise of the Eldrazi,9
2022-09,Rivals of Ixalan,0
2022-09,Salvat 2005,0
2022-09,San Diego Comic-Con 2013,0
2022-09,San Diego Comic-Con 2015,1
2022-09,Saviors of Kamigawa,0
2022-09,Scars of Mirrodin,5
2022-09,Scars of Mirrodin Promos,0
2022-09,Scourge,1
2022-09,Secret Lair Drop,0
2022-09,Shadowmoor,3
2022-09,Shadows over Innistrad,2
2022-09,Shards of Alara,3
2022-09,Spotlight Series,0
2022-09,Starter 1999,0
2022-09,Streets of New Capenna,1
2022-09,Streets of New Capenna Promos,7
2022-09,Strixhaven Mystical Archive,0
2022-09,Strixhaven: School of Mages,9
2022-09,Stronghold,3
2022-09,Tales of Middle-earth Commander,0
2022-09,Tarkir: Dragonstorm,0
2022-09,Tarkir: Dragonstorm Commander,0
2022-09,Teenage Mutant Ninja Turtles,0
2022-09,Teenage Mutant Ninja Turtles Eternal,0
2022-09,Tempest,6
2022-09,The Big Score,0
2022-09,The Brothers' War,0
2022-09,The Brothers' War Commander,0
2022-09,The Dark,3
2022-09,The List,1
2022-09,The Lord of the Rings: Tales of Middle-earth,0
2022-09,The Lost Caverns of Ixalan,0
2022-09,The Lost Caverns of Ixalan Commander,0
2022-09,Theros,1
2022-09,Theros Beyond Death,9
2022-09,Theros Promos,0
2022-09,Throne of Eldraine,14
2022-09,Through the Omenpaths,0
2022-09,Time Spiral,1
2022-09,Time Spiral Promos,0
2022-09,Torment,1
2022-09,Transformers,0
2022-09,Treasure Chest,0
2022-09,Ugin's Fate,1
2022-09,Unfinity,0
2022-09,Urza's Destiny,3
2022-09,Urza's Legacy,12
2022-09,Urza's Saga,7
2022-09,Visions,2
2022-09,War of the Spark,9
2022-09,"Warhammer 40,000 Commander",0
2022-09,Weatherlight,1
2022-09,Wilds of Eldraine,0
2022-09,Wilds of Eldraine Commander,0
2022-09,Wizards Play Network 2012,0
2022-09,Wizards Play Network 2024,0
2022-09,Worldwake,7
2022-09,Zendikar,5
2022-09,Zendikar Rising,12
2022-10,Adventures in the Forgotten Realms,0
2022-10,Aether Revolt,0
2022-10,Aetherdrift,0
2022-10,Aetherdrift Commander,0
2022-10,Alara Reborn,1
2022-10,Alliances,1
2022-10,Amonkhet,0
2022-10,Amonkhet Invocations,0
2022-10,Antiquities,0
2022-10,Apocalypse,1
2022-10,Arabian Nights,0
2022-10,Arena League 2003,0
2022-10,Arena League 2004,0
2022-10,Arena League 2006,0
2022-10,Assassin's Creed,0
2022-10,Avacyn Restored,0
2022-10,Avacyn Restored Promos,0
2022-10,Avatar: The Last Airbender,0
2022-10,Avatar: The Last Airbender Eternal,0
2022-10,Battle for Zendikar,0
2022-10,Battlebond,0
2022-10,Betrayers of Kamigawa,0
2022-10,Bloomburrow,0
2022-10,Bloomburrow Commander,0
2022-10,Born of the Gods,0
2022-10,Champions of Kamigawa,0
2022-10,Coldsnap,1
2022-10,Commander 2011,2
2022-10,Commander 2013,1
2022-10,Commander 2014,0
2022-10,Commander 2015,0
2022-10,Commander 2016,1
2022-10,Commander 2018,0
2022-10,Commander 2019,0
2022-10,Commander 2020,0
2022-10,Commander 2021,2
2022-10,Commander Legends,1
2022-10,Commander Legends: Battle for Baldur's Gate,6
2022-10,Commander Masters,0
2022-10,Conflux,2
2022-10,Conspiracy,0
2022-10,Conspiracy: Take the Crown,1
2022-10,Core Set 2019,0
2022-10,Core Set 2020,1
2022-10,Core Set 2021,0
2022-10,Crimson Vow Commander,0
2022-10,Dark Ascension,2
2022-10,Dark Ascension Promos,0
2022-10,Darksteel,1
2022-10,Dissension,1
2022-10,Doctor Who,0
2022-10,Dominaria,0
2022-10,Dominaria United,3
2022-10,Dominaria United Commander,0
2022-10,Dragon's Maze,1
2022-10,Dragon's Maze Promos,0
2022-10,Dragons of Tarkir,1
2022-10,Duel Decks: Blessed vs. Cursed,0
2022-10,Duel Decks: Izzet vs. Golgari,0
2022-10,Duel Decks: Zendikar vs. Eldrazi,0
2022-10,Duskmourn: House of Horror,0
2022-10,Duskmourn: House of Horror Commander,0
2022-10,Edge of Eternities,0
2022-10,Edge of Eternities Commander,0
2022-10,Eldritch Moon,1
2022-10,Eventide,0
2022-10,Exodus,0
2022-10,Fallen Empires,0
2022-10,Fallout,0
2022-10,Fate Reforged,0
2022-10,Fifth Dawn,1
2022-10,Final Fantasy,0
2022-10,Final Fantasy Commander,0
2022-10,Forgotten Realms Commander,1
2022-10,Foundations,0
2022-10,Foundations Jumpstart,0
2022-10,Friday Night Magic 2003,0
2022-10,Friday Night Magic 2011,0
2022-10,Friday Night Magic 2012,0
2022-10,Friday Night Magic 2013,0
2022-10,Friday Night Magic 2014,0
2022-10,Friday Night Magic 2015,0
2022-10,Friday Night Magic 2016,0
2022-10,Friday Night Magic 2017,1
2022-10,From the Vault: Legends,0
2022-10,Future Sight,3
2022-10,Game Day Promos,0
2022-10,Gatecrash,0
2022-10,Guildpact,0
2022-10,Guilds of Ravnica,2
2022-10,HarperPrism Book Promos,0
2022-10,Homelands,1
2022-10,Hour of Devastation,2
2022-10,Ice Age,2
2022-10,Ikoria: Lair of Behemoths,1
2022-10,Innistrad,2
2022-10,Innistrad: Crimson Vow,0
2022-10,Innistrad: Midnight Hunt,1
2022-10,Invasion,1
2022-10,Ixalan,0
2022-10,Journey into Nyx,0
2022-10,Journey into Nyx Promos,0
2022-10,Judge Gift Cards 1998,0
2022-10,Judgment,1
2022-10,Jumpstart,0
2022-10,Jumpstart 2022,0
2022-10,Jurassic World Collection,0
2022-10,Kaladesh,1
2022-10,Kaladesh Inventions,0
2022-10,Kaldheim,0
2022-10,Kamigawa: Neon Dynasty,3
2022-10,Khans of Tarkir,4
2022-10,Legends,3
2022-10,Legions,0
2022-10,Limited Edition Alpha,9
2022-10,Limited Edition Beta,0
2022-10,Lorwyn,2
2022-10,Lorwyn Eclipsed,0
2022-10,Lorwyn Eclipsed Commander,0
2022-10,Lorwyn Promos,0
2022-10,MTG Arena Promos,0
2022-10,Magic 2010,0
2022-10,Magic 2010 Promos,0
2022-10,Magic 2011,1
2022-10,Magic 2011 Promos,0
2022-10,Magic 2012,0
2022-10,Magic 2013,0
2022-10,Magic 2014,1
2022-10,Magic 2015,0
2022-10,Magic 2015 Promos,0
2022-10,Magic Origins,0
2022-10,MagicFest 2025,0
2022-10,March of the Machine,0
2022-10,March of the Machine Commander,0
2022-10,March of the Machine: The Aftermath,0
2022-10,Mercadian Masques,1
2022-10,Mirage,0
2022-10,Mirrodin,0
2022-10,Mirrodin Besieged,1
2022-10,Mirrodin Besieged Promos,0
2022-10,Modern Horizons,5
2022-10,Modern Horizons 2,16
2022-10,Modern Horizons 3,0
2022-10,Modern Horizons 3 Commander,0
2022-10,Morningtide,1
2022-10,Murders at Karlov Manor,0
2022-10,Murders at Karlov Manor Commander,0
2022-10,Nemesis,1
2022-10,Neon Dynasty Commander,0
2022-10,New Capenna Commander,0
2022-10,New Phyrexia,3
2022-10,New Phyrexia Promos,0
2022-10,Oath of the Gatewatch,0
2022-10,Odyssey,2
2022-10,Onslaught,0
2022-10,Outlaws of Thunder Junction,0
2022-10,Outlaws of Thunder Junction Commander,0
2022-10,Phyrexia: All Will Be One,0
2022-10,Phyrexia: All Will Be One Commander,0
2022-10,Planar Chaos,0
2022-10,Planechase 2012,0
2022-10,Planeshift,1
2022-10,Portal,0
2022-10,Portal Second Age,1
2022-10,Portal Three Kingdoms,0
2022-10,Prophecy,0
2022-10,Ravnica Allegiance,0
2022-10,Ravnica: City of Guilds,3
2022-10,Ravnica: Clue Edition,0
2022-10,Return to Ravnica,4
2022-10,Return to Ravnica Promos,0
2022-10,Rise of the Eldrazi,4
2022-10,Rivals of Ixalan,0
2022-10,Salvat 2005,0
2022-10,San Diego Comic-Con 2013,0
2022-10,San Diego Comic-Con 2015,0
2022-10,Saviors of Kamigawa,0
2022-10,Scars of Mirrodin,1
2022-10,Scars of Mirrodin Promos,0
2022-10,Scourge,1
2022-10,Secret Lair Drop,0
2022-10,Shadowmoor,0
2022-10,Shadows over Innistrad,1
2022-10,Shards of Alara,0
2022-10,Spotlight Series,0
2022-10,Starter 1999,0
2022-10,Streets of New Capenna,0
2022-10,Streets of New Capenna Promos,2
2022-10,Strixhaven Mystical Archive,1
2022-10,Strixhaven: School of Mages,2
2022-10,Stronghold,1
2022-10,Tales of Middle-earth Commander,0
2022-10,Tarkir: Dragonstorm,0
2022-10,Tarkir: Dragonstorm Commander,0
2022-10,Teenage Mutant Ninja Turtles,0
2022-10,Teenage Mutant Ninja Turtles Eternal,0
2022-10,Tempest,0
2022-10,The Big Score,0
2022-10,The Brothers' War,0
2022-10,The Brothers' War Commander,0
2022-10,The Dark,0
2022-10,The List,0
2022-10,The Lord of the Rings: Tales of Middle-earth,0
2022-10,The Lost Caverns of Ixalan,0
2022-10,The Lost Caverns of Ixalan Commander,0
2022-10,Theros,0
2022-10,Theros Beyond Death,1
2022-10,Theros Promos,0
2022-10,Throne of Eldraine,3
2022-10,Through the Omenpaths,0
2022-10,Time Spiral,0
2022-10,Time Spiral Promos,0
2022-10,Torment,0
2022-10,Transformers,0
2022-10,Treasure Chest,0
2022-10,Ugin's Fate,0
2022-10,Unfinity,0
2022-10,Urza's Destiny,0
2022-10,Urza's Legacy,1
2022-10,Urza's Saga,1
2022-10,Visions,1
2022-10,War of the Spark,1
2022-10,"Warhammer 40,000 Commander",1
2022-10,Weatherlight,0
2022-10,Wilds of Eldraine,0
2022-10,Wilds of Eldraine Commander,0
2022-10,Wizards Play Network 2012,0
2022-10,Wizards Play Network 2024,0
2022-10,Worldwake,0
2022-10,Zendikar,1
2022-10,Zendikar Rising,2
2022-11,Adventures in the Forgotten Realms,2
2022-11,Aether Revolt,8
2022-11,Aetherdrift,0
2022-11,Aetherdrift Commander,0
2022-11,Alara Reborn,2
2022-11,Alliances,10
2022-11,Amonkhet,8
2022-11,Amonkhet Invocations,0
2022-11,Antiquities,1
2022-11,Apocalypse,5
2022-11,Arabian Nights,0
2022-11,Arena League 2003,0
2022-11,Arena League 2004,5
2022-11,Arena League 2006,0
2022-11,Assassin's Creed,0
2022-11,Avacyn Restored,0
2022-11,Avacyn Restored Promos,0
2022-11,Avatar: The Last Airbender,0
2022-11,Avatar: The Last Airbender Eternal,0
2022-11,Battle for Zendikar,2
2022-11,Battlebond,3
2022-11,Betrayers of Kamigawa,1
2022-11,Bloomburrow,0
2022-11,Bloomburrow Commander,0
2022-11,Born of the Gods,4
2022-11,Champions of Kamigawa,10
2022-11,Coldsnap,5
2022-11,Commander 2011,4
2022-11,Commander 2013,3
2022-11,Commander 2014,2
2022-11,Commander 2015,5
2022-11,Commander 2016,2
2022-11,Commander 2018,2
2022-11,Commander 2019,7
2022-11,Commander 2020,0
2022-11,Commander 2021,5
2022-11,Commander Legends,8
2022-11,Commander Legends: Battle for Baldur's Gate,29
2022-11,Commander Masters,0
2022-11,Conflux,10
2022-11,Conspiracy,1
2022-11,Conspiracy: Take the Crown,10
2022-11,Core Set 2019,2
2022-11,Core Set 2020,6
2022-11,Core Set 2021,5
2022-11,Crimson Vow Commander,0
2022-11,Dark Ascension,8
2022-11,Dark Ascension Promos,0
2022-11,Darksteel,7
2022-11,Dissension,6
2022-11,Doctor Who,0
2022-11,Dominaria,4
2022-11,Dominaria United,6
2022-11,Dominaria United Commander,0
2022-11,Dragon's Maze,3
2022-11,Dragon's Maze Promos,0
2022-11,Dragons of Tarkir,1
2022-11,Duel Decks: Blessed vs. Cursed,0
2022-11,Duel Decks: Izzet vs. Golgari,3
2022-11,Duel Decks: Zendikar vs. Eldrazi,0
2022-11,Duskmourn: House of Horror,0
2022-11,Duskmourn: House of Horror Commander,0
2022-11,Edge of Eternities,0
2022-11,Edge of Eternities Commander,0
2022-11,Eldritch Moon,13
2022-11,Eventide,0
2022-11,Exodus,1
2022-11,Fallen Empires,1
2022-11,Fallout,0
2022-11,Fate Reforged,3
2022-11,Fifth Dawn,14
2022-11,Final Fantasy,0
2022-11,Final Fantasy Commander,0
2022-11,Forgotten Realms Commander,1
2022-11,Foundations,0
2022-11,Foundations Jumpstart,0
2022-11,Friday Night Magic 2003,0
2022-11,Friday Night Magic 2011,0
2022-11,Friday Night Magic 2012,0
2022-11,Friday Night Magic 2013,0
2022-11,Friday Night Magic 2014,0
2022-11,Friday Night Magic 2015,0
2022-11,Friday Night Magic 2016,0
2022-11,Friday Night Magic 2017,5
2022-11,From the Vault: Legends,0
2022-11,Future Sight,10
2022-11,Game Day Promos,1
2022-11,Gatecrash,1
2022-11,Guildpact,1
2022-11,Guilds of Ravnica,7
2022-11,HarperPrism Book Promos,2
2022-11,Homelands,1
2022-11,Hour of Devastation,7
2022-11,Ice Age,22
2022-11,Ikoria: Lair of Behemoths,6
2022-11,Innistrad,11
2022-11,Innistrad: Crimson Vow,6
2022-11,Innistrad: Midnight Hunt,34
2022-11,Invasion,9
2022-11,Ixalan,3
2022-11,Journey into Nyx,1
2022-11,Journey into Nyx Promos,0
2022-11,Judge Gift Cards 1998,0
2022-11,Judgment,1
2022-11,Jumpstart,0
2022-11,Jumpstart 2022,0
2022-11,Jurassic World Collection,0
2022-11,Kaladesh,5
2022-11,Kaladesh Inventions,2
2022-11,Kaldheim,5
2022-11,Kamigawa: Neon Dynasty,14
2022-11,Khans of Tarkir,9
2022-11,Legends,12
2022-11,Legions,0
2022-11,Limited Edition Alpha,69
2022-11,Limited Edition Beta,0
2022-11,Lorwyn,17
2022-11,Lorwyn Eclipsed,0
2022-11,Lorwyn Eclipsed Commander,0
2022-11,Lorwyn Promos,0
2022-11,MTG Arena Promos,1
2022-11,Magic 2010,4
2022-11,Magic 2010 Promos,1
2022-11,Magic 2011,14
2022-11,Magic 2011 Promos,0
2022-11,Magic 2012,0
2022-11,Magic 2013,2
2022-11,Magic 2014,4
2022-11,Magic 2015,0
2022-11,Magic 2015 Promos,3
2022-11,Magic Origins,2
2022-11,MagicFest 2025,0
2022-11,March of the Machine,0
2022-11,March of the Machine Commander,0
2022-11,March of the Machine: The Aftermath,0
2022-11,Mercadian Masques,1
2022-11,Mirage,12
2022-11,Mirrodin,13
2022-11,Mirrodin Besieged,7
2022-11,Mirrodin Besieged Promos,0
2022-11,Modern Horizons,37
2022-11,Modern Horizons 2,83
2022-11,Modern Horizons 3,0
2022-11,Modern Horizons 3 Commander,0
2022-11,Morningtide,0
2022-11,Murders at Karlov Manor,0
2022-11,Murders at Karlov Manor Commander,0
2022-11,Nemesis,5
2022-11,Neon Dynasty Commander,1
2022-11,New Capenna Commander,1
2022-11,New Phyrexia,13
2022-11,New Phyrexia Promos,0
2022-11,Oath of the Gatewatch,0
2022-11,Odyssey,8
2022-11,Onslaught,3
2022-11,Outlaws of Thunder Junction,0
2022-11,Outlaws of Thunder Junction Commander,0
2022-11,Phyrexia: All Will Be One,0
2022-11,Phyrexia: All Will Be One Commander,0
2022-11,Planar Chaos,1
2022-11,Planechase 2012,2
2022-11,Planeshift,10
2022-11,Portal,2
2022-11,Portal Second Age,6
2022-11,Portal Three Kingdoms,5
2022-11,Prophecy,2
2022-11,Ravnica Allegiance,5
2022-11,Ravnica: City of Guilds,16
2022-11,Ravnica: Clue Edition,0
2022-11,Return to Ravnica,9
2022-11,Return to Ravnica Promos,2
2022-11,Rise of the Eldrazi,15
2022-11,Rivals of Ixalan,0
2022-11,Salvat 2005,3
2022-11,San Diego Comic-Con 2013,0
2022-11,San Diego Comic-Con 2015,1
2022-11,Saviors of Kamigawa,1
2022-11,Scars of Mirrodin,6
2022-11,Scars of Mirrodin Promos,0
2022-11,Scourge,5
2022-11,Secret Lair Drop,0
2022-11,Shadowmoor,5
2022-11,Shadows over Innistrad,8
2022-11,Shards of Alara,2
2022-11,Spotlight Series,0
2022-11,Starter 1999,2
2022-11,Streets of New Capenna,2
2022-11,Streets of New Capenna Promos,6
2022-11,Strixhaven Mystical Archive,1
2022-11,Strixhaven: School of Mages,13
2022-11,Stronghold,11
2022-11,Tales of Middle-earth Commander,0
2022-11,Tarkir: Dragonstorm,0
2022-11,Tarkir: Dragonstorm Commander,0
2022-11,Teenage Mutant Ninja Turtles,0
2022-11,Teenage Mutant Ninja Turtles Eternal,0
2022-11,Tempest,7
2022-11,The Big Score,0
2022-11,The Brothers' War,7
2022-11,The Brothers' War Commander,0
2022-11,The Dark,2
2022-11,The List,3
2022-11,The Lord of the Rings: Tales of Middle-earth,0
2022-11,The Lost Caverns of Ixalan,0
2022-11,The Lost Caverns of Ixalan Commander,0
2022-11,Theros,4
2022-11,Theros Beyond Death,20
2022-11,Theros Promos,2
2022-11,Throne of Eldraine,30
2022-11,Through the Omenpaths,0
2022-11,Time Spiral,2
2022-11,Time Spiral Promos,1
2022-11,Torment,3
2022-11,Transformers,0
2022-11,Treasure Chest,0
2022-11,Ugin's Fate,0
2022-11,Unfinity,1
2022-11,Urza's Destiny,0
2022-11,Urza's Legacy,13
2022-11,Urza's Saga,14
2022-11,Visions,11
2022-11,War of the Spark,25
2022-11,"Warhammer 40,000 Commander",8
2022-11,Weatherlight,2
2022-11,Wilds of Eldraine,0
2022-11,Wilds of Eldraine Commander,0
2022-11,Wizards Play Network 2012,0
2022-11,Wizards Play Network 2024,0
2022-11,Worldwake,10
2022-11,Zendikar,16
2022-11,Zendikar Rising,13
2022-12,Adventures in the Forgotten Realms,2
2022-12,Aether Revolt,4
2022-12,Aetherdrift,0
2022-12,Aetherdrift Commander,0
2022-12,Alara Reborn,2
2022-12,Alliances,11
2022-12,Amonkhet,3
2022-12,Amonkhet Invocations,0
2022-12,Antiquities,0
2022-12,Apocalypse,7
2022-12,Arabian Nights,0
2022-12,Arena League 2003,0
2022-12,Arena League 2004,1
2022-12,Arena League 2006,0
2022-12,Assassin's Creed,0
2022-12,Avacyn Restored,4
2022-12,Avacyn Restored Promos,1
2022-12,Avatar: The Last Airbender,0
2022-12,Avatar: The Last Airbender Eternal,0
2022-12,Battle for Zendikar,0
2022-12,Battlebond,1
2022-12,Betrayers of Kamigawa,3
2022-12,Bloomburrow,0
2022-12,Bloomburrow Commander,0
2022-12,Born of the Gods,2
2022-12,Champions of Kamigawa,6
2022-12,Coldsnap,7
2022-12,Commander 2011,9
2022-12,Commander 2013,3
2022-12,Commander 2014,3
2022-12,Commander 2015,2
2022-12,Commander 2016,2
2022-12,Commander 2018,0
2022-12,Commander 2019,5
2022-12,Commander 2020,1
2022-12,Commander 2021,5
2022-12,Commander Legends,13
2022-12,Commander Legends: Battle for Baldur's Gate,31
2022-12,Commander Masters,0
2022-12,Conflux,13
2022-12,Conspiracy,8
2022-12,Conspiracy: Take the Crown,16
2022-12,Core Set 2019,5
2022-12,Core Set 2020,5
2022-12,Core Set 2021,4
2022-12,Crimson Vow Commander,0
2022-12,Dark Ascension,14
2022-12,Dark Ascension Promos,0
2022-12,Darksteel,11
2022-12,Dissension,5
2022-12,Doctor Who,0
2022-12,Dominaria,2
2022-12,Dominaria United,13
2022-12,Dominaria United Commander,0
2022-12,Dragon's Maze,3
2022-12,Dragon's Maze Promos,0
2022-12,Dragons of Tarkir,3
2022-12,Duel Decks: Blessed vs. Cursed,0
2022-12,Duel Decks: Izzet vs. Golgari,0
2022-12,Duel Decks: Zendikar vs. Eldrazi,0
2022-12,Duskmourn: House of Horror,0
2022-12,Duskmourn: House of Horror Commander,0
2022-12,Edge of Eternities,0
2022-12,Edge of Eternities Commander,0
2022-12,Eldritch Moon,28
2022-12,Eventide,1
2022-12,Exodus,1
2022-12,Fallen Empires,6
2022-12,Fallout,0
2022-12,Fate Reforged,3
2022-12,Fifth Dawn,8
2022-12,Final Fantasy,0
2022-12,Final Fantasy Commander,0
2022-12,Forgotten Realms Commander,1
2022-12,Foundations,0
2022-12,Foundations Jumpstart,0
2022-12,Friday Night Magic 2003,0
2022-12,Friday Night Magic 2011,0
2022-12,Friday Night Magic 2012,1
2022-12,Friday Night Magic 2013,0
2022-12,Friday Night Magic 2014,0
2022-12,Friday Night Magic 2015,0
2022-12,Friday Night Magic 2016,0
2022-12,Friday Night Magic 2017,8
2022-12,From the Vault: Legends,0
2022-12,Future Sight,17
2022-12,Game Day Promos,2
2022-12,Gatecrash,1
2022-12,Guildpact,1
2022-12,Guilds of Ravnica,11
2022-12,HarperPrism Book Promos,2
2022-12,Homelands,6
2022-12,Hour of Devastation,7
2022-12,Ice Age,15
2022-12,Ikoria: Lair of Behemoths,7
2022-12,Innistrad,17
2022-12,Innistrad: Crimson Vow,10
2022-12,Innistrad: Midnight Hunt,24
2022-12,Invasion,6
2022-12,Ixalan,4
2022-12,Journey into Nyx,1
2022-12,Journey into Nyx Promos,0
2022-12,Judge Gift Cards 1998,0
2022-12,Judgment,7
2022-12,Jumpstart,1
2022-12,Jumpstart 2022,0
2022-12,Jurassic World Collection,0
2022-12,Kaladesh,5
2022-12,Kaladesh Inventions,1
2022-12,Kaldheim,6
2022-12,Kamigawa: Neon Dynasty,16
2022-12,Khans of Tarkir,15
2022-12,Legends,12
2022-12,Legions,1
2022-12,Limited Edition Alpha,72
2022-12,Limited Edition Beta,0
2022-12,Lorwyn,23
2022-12,Lorwyn Eclipsed,0
2022-12,Lorwyn Eclipsed Commander,0
2022-12,Lorwyn Promos,0
2022-12,MTG Arena Promos,2
2022-12,Magic 2010,2
2022-12,Magic 2010 Promos,0
2022-12,Magic 2011,11
2022-12,Magic 2011 Promos,0
2022-12,Magic 2012,0
2022-12,Magic 2013,2
2022-12,Magic 2014,7
2022-12,Magic 2015,0
2022-12,Magic 2015 Promos,0
2022-12,Magic Origins,3
2022-12,MagicFest 2025,0
2022-12,March of the Machine,0
2022-12,March of the Machine Commander,0
2022-12,March of the Machine: The Aftermath,0
2022-12,Mercadian Masques,7
2022-12,Mirage,5
2022-12,Mirrodin,7
2022-12,Mirrodin Besieged,8
2022-12,Mirrodin Besieged Promos,1
2022-12,Modern Horizons,47
2022-12,Modern Horizons 2,103
2022-12,Modern Horizons 3,0
2022-12,Modern Horizons 3 Commander,0
2022-12,Morningtide,6
2022-12,Murders at Karlov Manor,0
2022-12,Murders at Karlov Manor Commander,0
2022-12,Nemesis,9
2022-12,Neon Dynasty Commander,0
2022-12,New Capenna Commander,0
2022-12,New Phyrexia,14
2022-12,New Phyrexia Promos,0
2022-12,Oath of the Gatewatch,4
2022-12,Odyssey,7
2022-12,Onslaught,7
2022-12,Outlaws of Thunder Junction,0
2022-12,Outlaws of Thunder Junction Commander,0
2022-12,Phyrexia: All Will Be One,0
2022-12,Phyrexia: All Will Be One Commander,0
2022-12,Planar Chaos,0
2022-12,Planechase 2012,7
2022-12,Planeshift,6
2022-12,Portal,1
2022-12,Portal Second Age,4
2022-12,Portal Three Kingdoms,4
2022-12,Prophecy,1
2022-12,Ravnica Allegiance,5
2022-12,Ravnica: City of Guilds,19
2022-12,Ravnica: Clue Edition,0
2022-12,Return to Ravnica,22
2022-12,Return to Ravnica Promos,3
2022-12,Rise of the Eldrazi,24
2022-12,Rivals of Ixalan,1
2022-12,Salvat 2005,1
2022-12,San Diego Comic-Con 2013,0
2022-12,San Diego Comic-Con 2015,3
2022-12,Saviors of Kamigawa,0
2022-12,Scars of Mirrodin,6
2022-12,Scars of Mirrodin Promos,0
2022-12,Scourge,8
2022-12,Secret Lair Drop,0
2022-12,Shadowmoor,2
2022-12,Shadows over Innistrad,8
2022-12,Shards of Alara,1
2022-12,Spotlight Series,0
2022-12,Starter 1999,1
2022-12,Streets of New Capenna,0
2022-12,Streets of New Capenna Promos,13
2022-12,Strixhaven Mystical Archive,1
2022-12,Strixhaven: School of Mages,18
2022-12,Stronghold,10
2022-12,Tales of Middle-earth Commander,0
2022-12,Tarkir: Dragonstorm,0
2022-12,Tarkir: Dragonstorm Commander,0
2022-12,Teenage Mutant Ninja Turtles,0
2022-12,Teenage Mutant Ninja Turtles Eternal,0
2022-12,Tempest,11
2022-12,The Big Score,0
2022-12,The Brothers' War,9
2022-12,The Brothers' War Commander,0
2022-12,The Dark,1
2022-12,The List,1
2022-12,The Lord of the Rings: Tales of Middle-earth,0
2022-12,The Lost Caverns of Ixalan,0
2022-12,The Lost Caverns of Ixalan Commander,0
2022-12,Theros,4
2022-12,Theros Beyond Death,17
2022-12,Theros Promos,1
2022-12,Throne of Eldraine,38
2022-12,Through the Omenpaths,0
2022-12,Time Spiral,3
2022-12,Time Spiral Promos,0
2022-12,Torment,3
2022-12,Transformers,0
2022-12,Treasure Chest,0
2022-12,Ugin's Fate,0
2022-12,Unfinity,1
2022-12,Urza's Destiny,1
2022-12,Urza's Legacy,15
2022-12,Urza's Saga,14
2022-12,Visions,10
2022-12,War of the Spark,12
2022-12,"Warhammer 40,000 Commander",10
2022-12,Weatherlight,0
2022-12,Wilds of Eldraine,0
2022-12,Wilds of Eldraine Commander,0
2022-12,Wizards Play Network 2012,0
2022-12,Wizards Play Network 2024,0
2022-12,Worldwake,11
2022-12,Zendikar,15
2022-12,Zendikar Rising,22
2023-01,Adventures in the Forgotten Realms,0
2023-01,Aether Revolt,0
2023-01,Aetherdrift,0
2023-01,Aetherdrift Commander,0
2023-01,Alara Reborn,0
2023-01,Alliances,8
2023-01,Amonkhet,4
2023-01,Amonkhet Invocations,0
2023-01,Antiquities,0
2023-01,Apocalypse,4
2023-01,Arabian Nights,0
2023-01,Arena League 2003,0
2023-01,Arena League 2004,1
2023-01,Arena League 2006,0
2023-01,Assassin's Creed,0
2023-01,Avacyn Restored,1
2023-01,Avacyn Restored Promos,0
2023-01,Avatar: The Last Airbender,0
2023-01,Avatar: The Last Airbender Eternal,0
2023-01,Battle for Zendikar,1
2023-01,Battlebond,1
2023-01,Betrayers of Kamigawa,0
2023-01,Bloomburrow,0
2023-01,Bloomburrow Commander,0
2023-01,Born of the Gods,0
2023-01,Champions of Kamigawa,4
2023-01,Coldsnap,1
2023-01,Commander 2011,5
2023-01,Commander 2013,6
2023-01,Commander 2014,1
2023-01,Commander 2015,0
2023-01,Commander 2016,1
2023-01,Commander 2018,1
2023-01,Commander 2019,2
2023-01,Commander 2020,1
2023-01,Commander 2021,5
2023-01,Commander Legends,11
2023-01,Commander Legends: Battle for Baldur's Gate,29
2023-01,Commander Masters,0
2023-01,Conflux,8
2023-01,Conspiracy,3
2023-01,Conspiracy: Take the Crown,6
2023-01,Core Set 2019,1
2023-01,Core Set 2020,0
2023-01,Core Set 2021,1
2023-01,Crimson Vow Commander,0
2023-01,Dark Ascension,6
2023-01,Dark Ascension Promos,0
2023-01,Darksteel,2
2023-01,Dissension,5
2023-01,Doctor Who,0
2023-01,Dominaria,2
2023-01,Dominaria United,4
2023-01,Dominaria United Commander,1
2023-01,Dragon's Maze,2
2023-01,Dragon's Maze Promos,0
2023-01,Dragons of Tarkir,0
2023-01,Duel Decks: Blessed vs. Cursed,0
2023-01,Duel Decks: Izzet vs. Golgari,1
2023-01,Duel Decks: Zendikar vs. Eldrazi,0
2023-01,Duskmourn: House of Horror,0
2023-01,Duskmourn: House of Horror Commander,0
2023-01,Edge of Eternities,0
2023-01,Edge of Eternities Commander,0
2023-01,Eldritch Moon,11
2023-01,Eventide,0
2023-01,Exodus,1
2023-01,Fallen Empires,2
2023-01,Fallout,0
2023-01,Fate Reforged,3
2023-01,Fifth Dawn,1
2023-01,Final Fantasy,0
2023-01,Final Fantasy Commander,0
2023-01,Forgotten Realms Commander,0
2023-01,Foundations,0
2023-01,Foundations Jumpstart,0
2023-01,Friday Night Magic 2003,0
2023-01,Friday Night Magic 2011,0
2023-01,Friday Night Magic 2012,0
2023-01,Friday Night Magic 2013,0
2023-01,Friday Night Magic 2014,0
2023-01,Friday Night Magic 2015,0
2023-01,Friday Night Magic 2016,0
2023-01,Friday Night Magic 2017,4
2023-01,From the Vault: Legends,0
2023-01,Future Sight,8
2023-01,Game Day Promos,0
2023-01,Gatecrash,0
2023-01,Guildpact,0
2023-01,Guilds of Ravnica,2
2023-01,HarperPrism Book Promos,0
2023-01,Homelands,4
2023-01,Hour of Devastation,1
2023-01,Ice Age,10
2023-01,Ikoria: Lair of Behemoths,6
2023-01,Innistrad,7
2023-01,Innistrad: Crimson Vow,1
2023-01,Innistrad: Midnight Hunt,13
2023-01,Invasion,6
2023-01,Ixalan,0
2023-01,Journey into Nyx,0
2023-01,Journey into Nyx Promos,0
2023-01,Judge Gift Cards 1998,0
2023-01,Judgment,4
2023-01,Jumpstart,0
2023-01,Jumpstart 2022,0
2023-01,Jurassic World Collection,0
2023-01,Kaladesh,0
2023-01,Kaladesh Inventions,0
2023-01,Kaldheim,1
2023-01,Kamigawa: Neon Dynasty,10
2023-01,Khans of Tarkir,4
2023-01,Legends,14
2023-01,Legions,0
2023-01,Limited Edition Alpha,52
2023-01,Limited Edition Beta,0
2023-01,Lorwyn,11
2023-01,Lorwyn Eclipsed,0
2023-01,Lorwyn Eclipsed Commander,0
2023-01,Lorwyn Promos,0
2023-01,MTG Arena Promos,0
2023-01,Magic 2010,0
2023-01,Magic 2010 Promos,0
2023-01,Magic 2011,8
2023-01,Magic 2011 Promos,0
2023-01,Magic 2012,2
2023-01,Magic 2013,2
2023-01,Magic 2014,5
2023-01,Magic 2015,0
2023-01,Magic 2015 Promos,1
2023-01,Magic Origins,0
2023-01,MagicFest 2025,0
2023-01,March of the Machine,0
2023-01,March of the Machine Commander,0
2023-01,March of the Machine: The Aftermath,0
2023-01,Mercadian Masques,7
2023-01,Mirage,4
2023-01,Mirrodin,1
2023-01,Mirrodin Besieged,4
2023-01,Mirrodin Besieged Promos,0
2023-01,Modern Horizons,26
2023-01,Modern Horizons 2,73
2023-01,Modern Horizons 3,0
2023-01,Modern Horizons 3 Commander,0
2023-01,Morningtide,3
2023-01,Murders at Karlov Manor,0
2023-01,Murders at Karlov Manor Commander,0
2023-01,Nemesis,6
2023-01,Neon Dynasty Commander,0
2023-01,New Capenna Commander,1
2023-01,New Phyrexia,13
2023-01,New Phyrexia Promos,0
2023-01,Oath of the Gatewatch,1
2023-01,Odyssey,4
2023-01,Onslaught,0
2023-01,Outlaws of Thunder Junction,0
2023-01,Outlaws of Thunder Junction Commander,0
2023-01,Phyrexia: All Will Be One,0
2023-01,Phyrexia: All Will Be One Commander,0
2023-01,Planar Chaos,1
2023-01,Planechase 2012,1
2023-01,Planeshift,5
2023-01,Portal,1
2023-01,Portal Second Age,2
2023-01,Portal Three Kingdoms,0
2023-01,Prophecy,0
2023-01,Ravnica Allegiance,0
2023-01,Ravnica: City of Guilds,11
2023-01,Ravnica: Clue Edition,0
2023-01,Return to Ravnica,12
2023-01,Return to Ravnica Promos,1
2023-01,Rise of the Eldrazi,15
2023-01,Rivals of Ixalan,0
2023-01,Salvat 2005,0
2023-01,San Diego Comic-Con 2013,0
2023-01,San Diego Comic-Con 2015,0
2023-01,Saviors of Kamigawa,1
2023-01,Scars of Mirrodin,3
2023-01,Scars of Mirrodin Promos,0
2023-01,Scourge,2
2023-01,Secret Lair Drop,0
2023-01,Shadowmoor,0
2023-01,Shadows over Innistrad,5
2023-01,Shards of Alara,1
2023-01,Spotlight Series,0
2023-01,Starter 1999,0
2023-01,Streets of New Capenna,2
2023-01,Streets of New Capenna Promos,5
2023-01,Strixhaven Mystical Archive,2
2023-01,Strixhaven: School of Mages,13
2023-01,Stronghold,5
2023-01,Tales of Middle-earth Commander,0
2023-01,Tarkir: Dragonstorm,0
2023-01,Tarkir: Dragonstorm Commander,0
2023-01,Teenage Mutant Ninja Turtles,0
2023-01,Teenage Mutant Ninja Turtles Eternal,0
2023-01,Tempest,6
2023-01,The Big Score,0
2023-01,The Brothers' War,7
2023-01,The Brothers' War Commander,0
2023-01,The Dark,2
2023-01,The List,1
2023-01,The Lord of the Rings: Tales of Middle-earth,0
2023-01,The Lost Caverns of Ixalan,0
2023-01,The Lost Caverns of Ixalan Commander,0
2023-01,Theros,0
2023-01,Theros Beyond Death,7
2023-01,Theros Promos,0
2023-01,Throne of Eldraine,19
2023-01,Through the Omenpaths,0
2023-01,Time Spiral,0
2023-01,Time Spiral Promos,0
2023-01,Torment,0
2023-01,Transformers,0
2023-01,Treasure Chest,1
2023-01,Ugin's Fate,2
2023-01,Unfinity,5
2023-01,Urza's Destiny,1
2023-01,Urza's Legacy,9
2023-01,Urza's Saga,8
2023-01,Visions,4
2023-01,War of the Spark,13
2023-01,"Warhammer 40,000 Commander",11
2023-01,Weatherlight,0
2023-01,Wilds of Eldraine,0
2023-01,Wilds of Eldraine Commander,0
2023-01,Wizards Play Network 2012,0
2023-01,Wizards Play Network 2024,0
2023-01,Worldwake,6
2023-01,Zendikar,9
2023-01,Zendikar Rising,7
2023-02,Adventures in the Forgotten Realms,6
2023-02,Aether Revolt,7
2023-02,Aetherdrift,0
2023-02,Aetherdrift Commander,0
2023-02,Alara Reborn,3
2023-02,Alliances,25
2023-02,Amonkhet,7
2023-02,Amonkhet Invocations,0
2023-02,Antiquities,1
2023-02,Apocalypse,11
2023-02,Arabian Nights,0
2023-02,Arena League 2003,0
2023-02,Arena League 2004,5
2023-02,Arena League 2006,0
2023-02,Assassin's Creed,0
2023-02,Avacyn Restored,4
2023-02,Avacyn Restored Promos,2
2023-02,Avatar: The Last Airbender,0
2023-02,Avatar: The Last Airbender Eternal,0
2023-02,Battle for Zendikar,0
2023-02,Battlebond,4
2023-02,Betrayers of Kamigawa,2
2023-02,Bloomburrow,0
2023-02,Bloomburrow Commander,0
2023-02,Born of the Gods,3
2023-02,Champions of Kamigawa,9
2023-02,Coldsnap,5
2023-02,Commander 2011,7
2023-02,Commander 2013,15
2023-02,Commander 2014,1
2023-02,Commander 2015,2
2023-02,Commander 2016,1
2023-02,Commander 2018,1
2023-02,Commander 2019,6
2023-02,Commander 2020,3
2023-02,Commander 2021,9
2023-02,Commander Legends,21
2023-02,Commander Legends: Battle for Baldur's Gate,79
2023-02,Commander Masters,0
2023-02,Conflux,25
2023-02,Conspiracy,11
2023-02,Conspiracy: Take the Crown,23
2023-02,Core Set 2019,4
2023-02,Core Set 2020,4
2023-02,Core Set 2021,6
2023-02,Crimson Vow Commander,0
2023-02,Dark Ascension,19
2023-02,Dark Ascension Promos,0
2023-02,Darksteel,8
2023-02,Dissension,13
2023-02,Doctor Who,0
2023-02,Dominaria,3
2023-02,Dominaria United,13
2023-02,Dominaria United Commander,0
2023-02,Dragon's Maze,2
2023-02,Dragon's Maze Promos,0
2023-02,Dragons of Tarkir,1
2023-02,Duel Decks: Blessed vs. Cursed,1
2023-02,Duel Decks: Izzet vs. Golgari,4
2023-02,Duel Decks: Zendikar vs. Eldrazi,0
2023-02,Duskmourn: House of Horror,0
2023-02,Duskmourn: House of Horror Commander,0
2023-02,Edge of Eternities,0
2023-02,Edge of Eternities Commander,0
2023-02,Eldritch Moon,18
2023-02,Eventide,0
2023-02,Exodus,5
2023-02,Fallen Empires,1
2023-02,Fallout,0
2023-02,Fate Reforged,7
2023-02,Fifth Dawn,13
2023-02,Final Fantasy,0
2023-02,Final Fantasy Commander,0
2023-02,Forgotten Realms Commander,1
2023-02,Foundations,0
2023-02,Foundations Jumpstart,0
2023-02,Friday Night Magic 2003,0
2023-02,Friday Night Magic 2011,0
2023-02,Friday Night Magic 2012,1
2023-02,Friday Night Magic 2013,0
2023-02,Friday Night Magic 2014,0
2023-02,Friday Night Magic 2015,0
2023-02,Friday Night Magic 2016,0
2023-02,Friday Night Magic 2017,10
2023-02,From the Vault: Legends,0
2023-02,Future Sight,23
2023-02,Game Day Promos,1
2023-02,Gatecrash,1
2023-02,Guildpact,3
2023-02,Guilds of Ravnica,12
2023-02,HarperPrism Book Promos,3
2023-02,Homelands,10
2023-02,Hour of Devastation,13
2023-02,Ice Age,34
2023-02,Ikoria: Lair of Behemoths,11
2023-02,Innistrad,23
2023-02,Innistrad: Crimson Vow,3
2023-02,Innistrad: Midnight Hunt,35
2023-02,Invasion,23
2023-02,Ixalan,4
2023-02,Journey into Nyx,3
2023-02,Journey into Nyx Promos,0
2023-02,Judge Gift Cards 1998,0
2023-02,Judgment,11
2023-02,Jumpstart,1
2023-02,Jumpstart 2022,0
2023-02,Jurassic World Collection,0
2023-02,Kaladesh,7
2023-02,Kaladesh Inventions,0
2023-02,Kaldheim,4
2023-02,Kamigawa: Neon Dynasty,26
2023-02,Khans of Tarkir,20
2023-02,Legends,25
2023-02,Legions,0
2023-02,Limited Edition Alpha,123
2023-02,Limited Edition Beta,0
2023-02,Lorwyn,31
2023-02,Lorwyn Eclipsed,0
2023-02,Lorwyn Eclipsed Commander,0
2023-02,Lorwyn Promos,0
2023-02,MTG Arena Promos,0
2023-02,Magic 2010,5
2023-02,Magic 2010 Promos,0
2023-02,Magic 2011,23
2023-02,Magic 2011 Promos,0
2023-02,Magic 2012,2
2023-02,Magic 2013,3
2023-02,Magic 2014,12
2023-02,Magic 2015,0
2023-02,Magic 2015 Promos,2
2023-02,Magic Origins,3
2023-02,MagicFest 2025,0
2023-02,March of the Machine,0
2023-02,March of the Machine Commander,0
2023-02,March of the Machine: The Aftermath,0
2023-02,Mercadian Masques,13
2023-02,Mirage,17
2023-02,Mirrodin,13
2023-02,Mirrodin Besieged,11
2023-02,Mirrodin Besieged Promos,0
2023-02,Modern Horizons,63
2023-02,Modern Horizons 2,184
2023-02,Modern Horizons 3,0
2023-02,Modern Horizons 3 Commander,0
2023-02,Morningtide,9
2023-02,Murders at Karlov Manor,0
2023-02,Murders at Karlov Manor Commander,0
2023-02,Nemesis,14
2023-02,Neon Dynasty Commander,1
2023-02,New Capenna Commander,0
2023-02,New Phyrexia,25
2023-02,New Phyrexia Promos,1
2023-02,Oath of the Gatewatch,1
2023-02,Odyssey,11
2023-02,Onslaught,3
2023-02,Outlaws of Thunder Junction,0
2023-02,Outlaws of Thunder Junction Commander,0
2023-02,Phyrexia: All Will Be One,6
2023-02,Phyrexia: All Will Be One Commander,0
2023-02,Planar Chaos,4
2023-02,Planechase 2012,3
2023-02,Planeshift,8
2023-02,Portal,4
2023-02,Portal Second Age,7
2023-02,Portal Three Kingdoms,7
2023-02,Prophecy,3
2023-02,Ravnica Allegiance,8
2023-02,Ravnica: City of Guilds,29
2023-02,Ravnica: Clue Edition,0
2023-02,Return to Ravnica,20
2023-02,Return to Ravnica Promos,2
2023-02,Rise of the Eldrazi,39
2023-02,Rivals of Ixalan,0
2023-02,Salvat 2005,3
2023-02,San Diego Comic-Con 2013,0
2023-02,San Diego Comic-Con 2015,1
2023-02,Saviors of Kamigawa,2
2023-02,Scars of Mirrodin,10
2023-02,Scars of Mirrodin Promos,0
2023-02,Scourge,15
2023-02,Secret Lair Drop,0
2023-02,Shadowmoor,8
2023-02,Shadows over Innistrad,10
2023-02,Shards of Alara,3
2023-02,Spotlight Series,0
2023-02,Starter 1999,3
2023-02,Streets of New Capenna,2
2023-02,Streets of New Capenna Promos,17
2023-02,Strixhaven Mystical Archive,1
2023-02,Strixhaven: School of Mages,21
2023-02,Stronghold,20
2023-02,Tales of Middle-earth Commander,0
2023-02,Tarkir: Dragonstorm,0
2023-02,Tarkir: Dragonstorm Commander,0
2023-02,Teenage Mutant Ninja Turtles,0
2023-02,Teenage Mutant Ninja Turtles Eternal,0
2023-02,Tempest,17
2023-02,The Big Score,0
2023-02,The Brothers' War,16
2023-02,The Brothers' War Commander,0
2023-02,The Dark,7
2023-02,The List,2
2023-02,The Lord of the Rings: Tales of Middle-earth,0
2023-02,The Lost Caverns of Ixalan,0
2023-02,The Lost Caverns of Ixalan Commander,0
2023-02,Theros,3
2023-02,Theros Beyond Death,17
2023-02,Theros Promos,3
2023-02,Throne of Eldraine,45
2023-02,Through the Omenpaths,0
2023-02,Time Spiral,5
2023-02,Time Spiral Promos,0
2023-02,Torment,6
2023-02,Transformers,0
2023-02,Treasure Chest,1
2023-02,Ugin's Fate,1
2023-02,Unfinity,13
2023-02,Urza's Destiny,2
2023-02,Urza's Legacy,24
2023-02,Urza's Saga,20
2023-02,Visions,20
2023-02,War of the Spark,37
2023-02,"Warhammer 40,000 Commander",18
2023-02,Weatherlight,3
2023-02,Wilds of Eldraine,0
2023-02,Wilds of Eldraine Commander,0
2023-02,Wizards Play Network 2012,0
2023-02,Wizards Play Network 2024,0
2023-02,Worldwake,15
2023-02,Zendikar,21
2023-02,Zendikar Rising,20
2023-03,Adventures in the Forgotten Realms,6
2023-03,Aether Revolt,10
2023-03,Aetherdrift,0
2023-03,Aetherdrift Commander,0
2023-03,Alara Reborn,5
2023-03,Alliances,19
2023-03,Amonkhet,12
2023-03,Amonkhet Invocations,0
2023-03,Antiquities,1
2023-03,Apocalypse,13
2023-03,Arabian Nights,0
2023-03,Arena League 2003,0
2023-03,Arena League 2004,1
2023-03,Arena League 2006,1
2023-03,Assassin's Creed,0
2023-03,Avacyn Restored,2
2023-03,Avacyn Restored Promos,0
2023-03,Avatar: The Last Airbender,0
2023-03,Avatar: The Last Airbender Eternal,0
2023-03,Battle for Zendikar,3
2023-03,Battlebond,2
2023-03,Betrayers of Kamigawa,5
2023-03,Bloomburrow,0
2023-03,Bloomburrow Commander,0
2023-03,Born of the Gods,1
2023-03,Champions of Kamigawa,11
2023-03,Coldsnap,2
2023-03,Commander 2011,4
2023-03,Commander 2013,9
2023-03,Commander 2014,4
2023-03,Commander 2015,7
2023-03,Commander 2016,0
2023-03,Commander 2018,5
2023-03,Commander 2019,6
2023-03,Commander 2020,2
2023-03,Commander 2021,11
2023-03,Commander Legends,9
2023-03,Commander Legends: Battle for Baldur's Gate,33
2023-03,Commander Masters,0
2023-03,Conflux,16
2023-03,Conspiracy,5
2023-03,Conspiracy: Take the Crown,7
2023-03,Core Set 2019,10
2023-03,Core Set 2020,4
2023-03,Core Set 2021,4
2023-03,Crimson Vow Commander,1
2023-03,Dark Ascension,12
2023-03,Dark Ascension Promos,0
2023-03,Darksteel,13
2023-03,Dissension,6
2023-03,Doctor Who,0
2023-03,Dominaria,9
2023-03,Dominaria United,23
2023-03,Dominaria United Commander,3
2023-03,Dragon's Maze,3
2023-03,Dragon's Maze Promos,0
2023-03,Dragons of Tarkir,5
2023-03,Duel Decks: Blessed vs. Cursed,0
2023-03,Duel Decks: Izzet vs. Golgari,3
2023-03,Duel Decks: Zendikar vs. Eldrazi,0
2023-03,Duskmourn: House of Horror,0
2023-03,Duskmourn: House of Horror Commander,0
2023-03,Edge of Eternities,0
2023-03,Edge of Eternities Commander,0
2023-03,Eldritch Moon,13
2023-03,Eventide,0
2023-03,Exodus,10
2023-03,Fallen Empires,2
2023-03,Fallout,0
2023-03,Fate Reforged,7
2023-03,Fifth Dawn,12
2023-03,Final Fantasy,0
2023-03,Final Fantasy Commander,0
2023-03,Forgotten Realms Commander,1
2023-03,Foundations,0
2023-03,Foundations Jumpstart,0
2023-03,Friday Night Magic 2003,0
2023-03,Friday Night Magic 2011,0
2023-03,Friday Night Magic 2012,2
2023-03,Friday Night Magic 2013,3
2023-03,Friday Night Magic 2014,0
2023-03,Friday Night Magic 2015,0
2023-03,Friday Night Magic 2016,0
2023-03,Friday Night Magic 2017,1
2023-03,From the Vault: Legends,0
2023-03,Future Sight,17
2023-03,Game Day Promos,1
2023-03,Gatecrash,7
2023-03,Guildpact,2
2023-03,Guilds of Ravnica,10
2023-03,HarperPrism Book Promos,5
2023-03,Homelands,4
2023-03,Hour of Devastation,12
2023-03,Ice Age,31
2023-03,Ikoria: Lair of Behemoths,11
2023-03,Innistrad,17
2023-03,Innistrad: Crimson Vow,11
2023-03,Innistrad: Midnight Hunt,31
2023-03,Invasion,14
2023-03,Ixalan,7
2023-03,Journey into Nyx,2
2023-03,Journey into Nyx Promos,0
2023-03,Judge Gift Cards 1998,0
2023-03,Judgment,8
2023-03,Jumpstart,1
2023-03,Jumpstart 2022,0
2023-03,Jurassic World Collection,0
2023-03,Kaladesh,14
2023-03,Kaladesh Inventions,1
2023-03,Kaldheim,5
2023-03,Kamigawa: Neon Dynasty,37
2023-03,Khans of Tarkir,15
2023-03,Legends,26
2023-03,Legions,1
2023-03,Limited Edition Alpha,101
2023-03,Limited Edition Beta,0
2023-03,Lorwyn,24
2023-03,Lorwyn Eclipsed,0
2023-03,Lorwyn Eclipsed Commander,0
2023-03,Lorwyn Promos,0
2023-03,MTG Arena Promos,0
2023-03,Magic 2010,2
2023-03,Magic 2010 Promos,0
2023-03,Magic 2011,15
2023-03,Magic 2011 Promos,0
2023-03,Magic 2012,2
2023-03,Magic 2013,10
2023-03,Magic 2014,10
2023-03,Magic 2015,0
2023-03,Magic 2015 Promos,2
2023-03,Magic Origins,4
2023-03,MagicFest 2025,0
2023-03,March of the Machine,0
2023-03,March of the Machine Commander,0
2023-03,March of the Machine: The Aftermath,0
2023-03,Mercadian Masques,6
2023-03,Mirage,8
2023-03,Mirrodin,10
2023-03,Mirrodin Besieged,7
2023-03,Mirrodin Besieged Promos,0
2023-03,Modern Horizons,58
2023-03,Modern Horizons 2,120
2023-03,Modern Horizons 3,0
2023-03,Modern Horizons 3 Commander,0
2023-03,Morningtide,12
2023-03,Murders at Karlov Manor,0
2023-03,Murders at Karlov Manor Commander,0
2023-03,Nemesis,11
2023-03,Neon Dynasty Commander,1
2023-03,New Capenna Commander,1
2023-03,New Phyrexia,25
2023-03,New Phyrexia Promos,0
2023-03,Oath of the Gatewatch,3
2023-03,Odyssey,13
2023-03,Onslaught,3
2023-03,Outlaws of Thunder Junction,0
2023-03,Outlaws of Thunder Junction Commander,0
2023-03,Phyrexia: All Will Be One,23
2023-03,Phyrexia: All Will Be One Commander,0
2023-03,Planar Chaos,3
2023-03,Planechase 2012,1
2023-03,Planeshift,7
2023-03,Portal,1
2023-03,Portal Second Age,10
2023-03,Portal Three Kingdoms,5
2023-03,Prophecy,0
2023-03,Ravnica Allegiance,12
2023-03,Ravnica: City of Guilds,13
2023-03,Ravnica: Clue Edition,0
2023-03,Return to Ravnica,14
2023-03,Return to Ravnica Promos,4
2023-03,Rise of the Eldrazi,31
2023-03,Rivals of Ixalan,1
2023-03,Salvat 2005,0
2023-03,San Diego Comic-Con 2013,0
2023-03,San Diego Comic-Con 2015,2
2023-03,Saviors of Kamigawa,1
2023-03,Scars of Mirrodin,10
2023-03,Scars of Mirrodin Promos,0
2023-03,Scourge,10
2023-03,Secret Lair Drop,0
2023-03,Shadowmoor,2
2023-03,Shadows over Innistrad,7
2023-03,Shards of Alara,8
2023-03,Spotlight Series,0
2023-03,Starter 1999,1
2023-03,Streets of New Capenna,4
2023-03,Streets of New Capenna Promos,13
2023-03,Strixhaven Mystical Archive,1
2023-03,Strixhaven: School of Mages,19
2023-03,Stronghold,18
2023-03,Tales of Middle-earth Commander,0
2023-03,Tarkir: Dragonstorm,0
2023-03,Tarkir: Dragonstorm Commander,0
2023-03,Teenage Mutant Ninja Turtles,0
2023-03,Teenage Mutant Ninja Turtles Eternal,0
2023-03,Tempest,17
2023-03,The Big Score,0
2023-03,The Brothers' War,19
2023-03,The Brothers' War Commander,0
2023-03,The Dark,3
2023-03,The List,3
2023-03,The Lord of the Rings: Tales of Middle-earth,0
2023-03,The Lost Caverns of Ixalan,0
2023-03,The Lost Caverns of Ixalan Commander,0
2023-03,Theros,6
2023-03,Theros Beyond Death,15
2023-03,Theros Promos,3
2023-03,Throne of Eldraine,47
2023-03,Through the Omenpaths,0
2023-03,Time Spiral,8
2023-03,Time Spiral Promos,0
2023-03,Torment,4
2023-03,Transformers,0
2023-03,Treasure Chest,3
2023-03,Ugin's Fate,2
2023-03,Unfinity,10
2023-03,Urza's Destiny,3
2023-03,Urza's Legacy,17
2023-03,Urza's Saga,15
2023-03,Visions,11
2023-03,War of the Spark,29
2023-03,"Warhammer 40,000 Commander",9
2023-03,Weatherlight,1
2023-03,Wilds of Eldraine,0
2023-03,Wilds of Eldraine Commander,0
2023-03,Wizards Play Network 2012,0
2023-03,Wizards Play Network 2024,0
2023-03,Worldwake,17
2023-03,Zendikar,21
2023-03,Zendikar Rising,18
2023-04,Adventures in the Forgotten Realms,2
2023-04,Aether Revolt,9
2023-04,Aetherdrift,0
2023-04,Aetherdrift Commander,0
2023-04,Alara Reborn,4
2023-04,Alliances,27
2023-04,Amonkhet,3
2023-04,Amonkhet Invocations,0
2023-04,Antiquities,3
2023-04,Apocalypse,10
2023-04,Arabian Nights,0
2023-04,Arena League 2003,0
2023-04,Arena League 2004,4
2023-04,Arena League 2006,0
2023-04,Assassin's Creed,0
2023-04,Avacyn Restored,2
2023-04,Avacyn Restored Promos,2
2023-04,Avatar: The Last Airbender,0
2023-04,Avatar: The Last Airbender Eternal,0
2023-04,Battle for Zendikar,0
2023-04,Battlebond,1
2023-04,Betrayers of Kamigawa,3
2023-04,Bloomburrow,0
2023-04,Bloomburrow Commander,0
2023-04,Born of the Gods,5
2023-04,Champions of Kamigawa,6
2023-04,Coldsnap,4
2023-04,Commander 2011,4
2023-04,Commander 2013,14
2023-04,Commander 2014,4
2023-04,Commander 2015,6
2023-04,Commander 2016,1
2023-04,Commander 2018,3
2023-04,Commander 2019,1
2023-04,Commander 2020,2
2023-04,Commander 2021,4
2023-04,Commander Legends,14
2023-04,Commander Legends: Battle for Baldur's Gate,43
2023-04,Commander Masters,0
2023-04,Conflux,18
2023-04,Conspiracy,4
2023-04,Conspiracy: Take the Crown,14
2023-04,Core Set 2019,3
2023-04,Core Set 2020,5
2023-04,Core Set 2021,3
2023-04,Crimson Vow Commander,0
2023-04,Dark Ascension,17
2023-04,Dark Ascension Promos,0
2023-04,Darksteel,16
2023-04,Dissension,15
2023-04,Doctor Who,0
2023-04,Dominaria,11
2023-04,Dominaria United,17
2023-04,Dominaria United Commander,0
2023-04,Dragon's Maze,4
2023-04,Dragon's Maze Promos,0
2023-04,Dragons of Tarkir,2
2023-04,Duel Decks: Blessed vs. Cursed,0
2023-04,Duel Decks: Izzet vs. Golgari,0
2023-04,Duel Decks: Zendikar vs. Eldrazi,0
2023-04,Duskmourn: House of Horror,0
2023-04,Duskmourn: House of Horror Commander,0
2023-04,Edge of Eternities,0
2023-04,Edge of Eternities Commander,0
2023-04,Eldritch Moon,19
2023-04,Eventide,1
2023-04,Exodus,3
2023-04,Fallen Empires,0
2023-04,Fallout,0
2023-04,Fate Reforged,9
2023-04,Fifth Dawn,8
2023-04,Final Fantasy,0
2023-04,Final Fantasy Commander,0
2023-04,Forgotten Realms Commander,2
2023-04,Foundations,0
2023-04,Foundations Jumpstart,0
2023-04,Friday Night Magic 2003,0
2023-04,Friday Night Magic 2011,0
2023-04,Friday Night Magic 2012,1
2023-04,Friday Night Magic 2013,0
2023-04,Friday Night Magic 2014,0
2023-04,Friday Night Magic 2015,0
2023-04,Friday Night Magic 2016,0
2023-04,Friday Night Magic 2017,5
2023-04,From the Vault: Legends,0
2023-04,Future Sight,21
2023-04,Game Day Promos,3
2023-04,Gatecrash,0
2023-04,Guildpact,1
2023-04,Guilds of Ravnica,6
2023-04,HarperPrism Book Promos,3
2023-04,Homelands,9
2023-04,Hour of Devastation,7
2023-04,Ice Age,30
2023-04,Ikoria: Lair of Behemoths,10
2023-04,Innistrad,20
2023-04,Innistrad: Crimson Vow,7
2023-04,Innistrad: Midnight Hunt,40
2023-04,Invasion,16
2023-04,Ixalan,1
2023-04,Journey into Nyx,1
2023-04,Journey into Nyx Promos,0
2023-04,Judge Gift Cards 1998,0
2023-04,Judgment,8
2023-04,Jumpstart,0
2023-04,Jumpstart 2022,0
2023-04,Jurassic World Collection,0
2023-04,Kaladesh,4
2023-04,Kaladesh Inventions,1
2023-04,Kaldheim,4
2023-04,Kamigawa: Neon Dynasty,32
2023-04,Khans of Tarkir,12
2023-04,Legends,20
2023-04,Legions,0
2023-04,Limited Edition Alpha,100
2023-04,Limited Edition Beta,0
2023-04,Lorwyn,28
2023-04,Lorwyn Eclipsed,0
2023-04,Lorwyn Eclipsed Commander,0
2023-04,Lorwyn Promos,0
2023-04,MTG Arena Promos,0
2023-04,Magic 2010,3
2023-04,Magic 2010 Promos,0
2023-04,Magic 2011,17
2023-04,Magic 2011 Promos,0
2023-04,Magic 2012,1
2023-04,Magic 2013,3
2023-04,Magic 2014,13
2023-04,Magic 2015,1
2023-04,Magic 2015 Promos,0
2023-04,Magic Origins,1
2023-04,MagicFest 2025,0
2023-04,March of the Machine,9
2023-04,March of the Machine Commander,0
2023-04,March of the Machine: The Aftermath,0
2023-04,Mercadian Masques,7
2023-04,Mirage,4
2023-04,Mirrodin,17
2023-04,Mirrodin Besieged,9
2023-04,Mirrodin Besieged Promos,0
2023-04,Modern Horizons,58
2023-04,Modern Horizons 2,137
2023-04,Modern Horizons 3,0
2023-04,Modern Horizons 3 Commander,0
2023-04,Morningtide,10
2023-04,Murders at Karlov Manor,0
2023-04,Murders at Karlov Manor Commander,0
2023-04,Nemesis,13
2023-04,Neon Dynasty Commander,4
2023-04,New Capenna Commander,0
2023-04,New Phyrexia,32
2023-04,New Phyrexia Promos,1
2023-04,Oath of the Gatewatch,0
2023-04,Odyssey,5
2023-04,Onslaught,0
2023-04,Outlaws of Thunder Junction,0
2023-04,Outlaws of Thunder Junction Commander,0
2023-04,Phyrexia: All Will Be One,16
2023-04,Phyrexia: All Will Be One Commander,1
2023-04,Planar Chaos,1
2023-04,Planechase 2012,4
2023-04,Planeshift,4
2023-04,Portal,2
2023-04,Portal Second Age,10
2023-04,Portal Three Kingdoms,4
2023-04,Prophecy,1
2023-04,Ravnica Allegiance,4
2023-04,Ravnica: City of Guilds,23
2023-04,Ravnica: Clue Edition,0
2023-04,Return to Ravnica,10
2023-04,Return to Ravnica Promos,4
2023-04,Rise of the Eldrazi,28
2023-04,Rivals of Ixalan,0
2023-04,Salvat 2005,2
2023-04,San Diego Comic-Con 2013,0
2023-04,San Diego Comic-Con 2015,5
2023-04,Saviors of Kamigawa,1
2023-04,Scars of Mirrodin,11
2023-04,Scars of Mirrodin Promos,0
2023-04,Scourge,11
2023-04,Secret Lair Drop,0
2023-04,Shadowmoor,1
2023-04,Shadows over Innistrad,9
2023-04,Shards of Alara,7
2023-04,Spotlight Series,0
2023-04,Starter 1999,1
2023-04,Streets of New Capenna,3
2023-04,Streets of New Capenna Promos,18
2023-04,Strixhaven Mystical Archive,0
2023-04,Strixhaven: School of Mages,20
2023-04,Stronghold,19
2023-04,Tales of Middle-earth Commander,0
2023-04,Tarkir: Dragonstorm,0
2023-04,Tarkir: Dragonstorm Commander,0
2023-04,Teenage Mutant Ninja Turtles,0
2023-04,Teenage Mutant Ninja Turtles Eternal,0
2023-04,Tempest,6
2023-04,The Big Score,0
2023-04,The Brothers' War,23
2023-04,The Brothers' War Commander,0
2023-04,The Dark,4
2023-04,The List,0
2023-04,The Lord of the Rings: Tales of Middle-earth,0
2023-04,The Lost Caverns of Ixalan,0
2023-04,The Lost Caverns of Ixalan Commander,0
2023-04,Theros,9
2023-04,Theros Beyond Death,16
2023-04,Theros Promos,2
2023-04,Throne of Eldraine,44
2023-04,Through the Omenpaths,0
2023-04,Time Spiral,5
2023-04,Time Spiral Promos,0
2023-04,Torment,2
2023-04,Transformers,0
2023-04,Treasure Chest,1
2023-04,Ugin's Fate,1
2023-04,Unfinity,13
2023-04,Urza's Destiny,1
2023-04,Urza's Legacy,25
2023-04,Urza's Saga,9
2023-04,Visions,6
2023-04,War of the Spark,34
2023-04,"Warhammer 40,000 Commander",13
2023-04,Weatherlight,1
2023-04,Wilds of Eldraine,0
2023-04,Wilds of Eldraine Commander,0
2023-04,Wizards Play Network 2012,0
2023-04,Wizards Play Network 2024,0
2023-04,Worldwake,18
2023-04,Zendikar,23
2023-04,Zendikar Rising,20
2023-05,Adventures in the Forgotten Realms,6
2023-05,Aether Revolt,7
2023-05,Aetherdrift,0
2023-05,Aetherdrift Commander,0
2023-05,Alara Reborn,3
2023-05,Alliances,14
2023-05,Amonkhet,4
2023-05,Amonkhet Invocations,0
2023-05,Antiquities,3
2023-05,Apocalypse,7
2023-05,Arabian Nights,0
2023-05,Arena League 2003,0
2023-05,Arena League 2004,0
2023-05,Arena League 2006,0
2023-05,Assassin's Creed,0
2023-05,Avacyn Restored,6
2023-05,Avacyn Restored Promos,1
2023-05,Avatar: The Last Airbender,0
2023-05,Avatar: The Last Airbender Eternal,0
2023-05,Battle for Zendikar,3
2023-05,Battlebond,0
2023-05,Betrayers of Kamigawa,2
2023-05,Bloomburrow,0
2023-05,Bloomburrow Commander,0
2023-05,Born of the Gods,1
2023-05,Champions of Kamigawa,5
2023-05,Coldsnap,2
2023-05,Commander 2011,7
2023-05,Commander 2013,5
2023-05,Commander 2014,2
2023-05,Commander 2015,4
2023-05,Commander 2016,1
2023-05,Commander 2018,3
2023-05,Commander 2019,5
2023-05,Commander 2020,0
2023-05,Commander 2021,5
2023-05,Commander Legends,15
2023-05,Commander Legends: Battle for Baldur's Gate,36
2023-05,Commander Masters,0
2023-05,Conflux,11
2023-05,Conspiracy,2
2023-05,Conspiracy: Take the Crown,10
2023-05,Core Set 2019,3
2023-05,Core Set 2020,4
2023-05,Core Set 2021,6
2023-05,Crimson Vow Commander,1
2023-05,Dark Ascension,11
2023-05,Dark Ascension Promos,0
2023-05,Darksteel,12
2023-05,Dissension,10
2023-05,Doctor Who,0
2023-05,Dominaria,7
2023-05,Dominaria United,13
2023-05,Dominaria United Commander,2
2023-05,Dragon's Maze,2
2023-05,Dragon's Maze Promos,0
2023-05,Dragons of Tarkir,3
2023-05,Duel Decks: Blessed vs. Cursed,0
2023-05,Duel Decks: Izzet vs. Golgari,1
2023-05,Duel Decks: Zendikar vs. Eldrazi,0
2023-05,Duskmourn: House of Horror,0
2023-05,Duskmourn: House of Horror Commander,0
2023-05,Edge of Eternities,0
2023-05,Edge of Eternities Commander,0
2023-05,Eldritch Moon,10
2023-05,Eventide,0
2023-05,Exodus,5
2023-05,Fallen Empires,5
2023-05,Fallout,0
2023-05,Fate Reforged,4
2023-05,Fifth Dawn,5
2023-05,Final Fantasy,0
2023-05,Final Fantasy Commander,0
2023-05,Forgotten Realms Commander,1
2023-05,Foundations,0
2023-05,Foundations Jumpstart,0
2023-05,Friday Night Magic 2003,0
2023-05,Friday Night Magic 2011,0
2023-05,Friday Night Magic 2012,1
2023-05,Friday Night Magic 2013,0
2023-05,Friday Night Magic 2014,0
2023-05,Friday Night Magic 2015,0
2023-05,Friday Night Magic 2016,0
2023-05,Friday Night Magic 2017,7
2023-05,From the Vault: Legends,0
2023-05,Future Sight,12
2023-05,Game Day Promos,3
2023-05,Gatecrash,2
2023-05,Guildpact,2
2023-05,Guilds of Ravnica,6
2023-05,HarperPrism Book Promos,1
2023-05,Homelands,6
2023-05,Hour of Devastation,4
2023-05,Ice Age,21
2023-05,Ikoria: Lair of Behemoths,5
2023-05,Innistrad,11
2023-05,Innistrad: Crimson Vow,14
2023-05,Innistrad: Midnight Hunt,22
2023-05,Invasion,8
2023-05,Ixalan,1
2023-05,Journey into Nyx,1
2023-05,Journey into Nyx Promos,1
2023-05,Judge Gift Cards 1998,0
2023-05,Judgment,4
2023-05,Jumpstart,1
2023-05,Jumpstart 2022,0
2023-05,Jurassic World Collection,0
2023-05,Kaladesh,1
2023-05,Kaladesh Inventions,1
2023-05,Kaldheim,6
2023-05,Kamigawa: Neon Dynasty,17
2023-05,Khans of Tarkir,7
2023-05,Legends,17
2023-05,Legions,1
2023-05,Limited Edition Alpha,85
2023-05,Limited Edition Beta,0
2023-05,Lorwyn,21
2023-05,Lorwyn Eclipsed,0
2023-05,Lorwyn Eclipsed Commander,0
2023-05,Lorwyn Promos,0
2023-05,MTG Arena Promos,0
2023-05,Magic 2010,2
2023-05,Magic 2010 Promos,0
2023-05,Magic 2011,12
2023-05,Magic 2011 Promos,0
2023-05,Magic 2012,1
2023-05,Magic 2013,5
2023-05,Magic 2014,9
2023-05,Magic 2015,0
2023-05,Magic 2015 Promos,1
2023-05,Magic Origins,0
2023-05,MagicFest 2025,0
2023-05,March of the Machine,14
2023-05,March of the Machine Commander,4
2023-05,March of the Machine: The Aftermath,1
2023-05,Mercadian Masques,4
2023-05,Mirage,9
2023-05,Mirrodin,20
2023-05,Mirrodin Besieged,12
2023-05,Mirrodin Besieged Promos,0
2023-05,Modern Horizons,46
2023-05,Modern Horizons 2,108
2023-05,Modern Horizons 3,0
2023-05,Modern Horizons 3 Commander,0
2023-05,Morningtide,5
2023-05,Murders at Karlov Manor,0
2023-05,Murders at Karlov Manor Commander,0
2023-05,Nemesis,6
2023-05,Neon Dynasty Commander,1
2023-05,New Capenna Commander,1
2023-05,New Phyrexia,19
2023-05,New Phyrexia Promos,0
2023-05,Oath of the Gatewatch,3
2023-05,Odyssey,13
2023-05,Onslaught,6
2023-05,Outlaws of Thunder Junction,0
2023-05,Outlaws of Thunder Junction Commander,0
2023-05,Phyrexia: All Will Be One,19
2023-05,Phyrexia: All Will Be One Commander,0
2023-05,Planar Chaos,1
2023-05,Planechase 2012,3
2023-05,Planeshift,2
2023-05,Portal,0
2023-05,Portal Second Age,6
2023-05,Portal Three Kingdoms,2
2023-05,Prophecy,0
2023-05,Ravnica Allegiance,3
2023-05,Ravnica: City of Guilds,12
2023-05,Ravnica: Clue Edition,0
2023-05,Return to Ravnica,13
2023-05,Return to Ravnica Promos,3
2023-05,Rise of the Eldrazi,23
2023-05,Rivals of Ixalan,1
2023-05,Salvat 2005,0
2023-05,San Diego Comic-Con 2013,0
2023-05,San Diego Comic-Con 2015,3
2023-05,Saviors of Kamigawa,1
2023-05,Scars of Mirrodin,5
2023-05,Scars of Mirrodin Promos,0
2023-05,Scourge,6
2023-05,Secret Lair Drop,1
2023-05,Shadowmoor,2
2023-05,Shadows over Innistrad,5
2023-05,Shards of Alara,6
2023-05,Spotlight Series,0
2023-05,Starter 1999,0
2023-05,Streets of New Capenna,1
2023-05,Streets of New Capenna Promos,6
2023-05,Strixhaven Mystical Archive,2
2023-05,Strixhaven: School of Mages,12
2023-05,Stronghold,10
2023-05,Tales of Middle-earth Commander,0
2023-05,Tarkir: Dragonstorm,0
2023-05,Tarkir: Dragonstorm Commander,0
2023-05,Teenage Mutant Ninja Turtles,0
2023-05,Teenage Mutant Ninja Turtles Eternal,0
2023-05,Tempest,18
2023-05,The Big Score,0
2023-05,The Brothers' War,12
2023-05,The Brothers' War Commander,0
2023-05,The Dark,4
2023-05,The List,1
2023-05,The Lord of the Rings: Tales of Middle-earth,0
2023-05,The Lost Caverns of Ixalan,0
2023-05,The Lost Caverns of Ixalan Commander,0
2023-05,Theros,1
2023-05,Theros Beyond Death,18
2023-05,Theros Promos,0
2023-05,Throne of Eldraine,28
2023-05,Through the Omenpaths,0
2023-05,Time Spiral,3
2023-05,Time Spiral Promos,0
2023-05,Torment,0
2023-05,Transformers,0
2023-05,Treasure Chest,3
2023-05,Ugin's Fate,2
2023-05,Unfinity,7
2023-05,Urza's Destiny,2
2023-05,Urza's Legacy,24
2023-05,Urza's Saga,22
2023-05,Visions,9
2023-05,War of the Spark,29
2023-05,"Warhammer 40,000 Commander",9
2023-05,Weatherlight,2
2023-05,Wilds of Eldraine,0
2023-05,Wilds of Eldraine Commander,0
2023-05,Wizards Play Network 2012,0
2023-05,Wizards Play Network 2024,0
2023-05,Worldwake,10
2023-05,Zendikar,15
2023-05,Zendikar Rising,14
2023-06,Adventures in the Forgotten Realms,1
2023-06,Aether Revolt,4
2023-06,Aetherdrift,0
2023-06,Aetherdrift Commander,0
2023-06,Alara Reborn,1
2023-06,Alliances,7
2023-06,Amonkhet,8
2023-06,Amonkhet Invocations,0
2023-06,Antiquities,0
2023-06,Apocalypse,4
2023-06,Arabian Nights,0
2023-06,Arena League 2003,0
2023-06,Arena League 2004,0
2023-06,Arena League 2006,0
2023-06,Assassin's Creed,0
2023-06,Avacyn Restored,4
2023-06,Avacyn Restored Promos,0
2023-06,Avatar: The Last Airbender,0
2023-06,Avatar: The Last Airbender Eternal,0
2023-06,Battle for Zendikar,2
2023-06,Battlebond,1
2023-06,Betrayers of Kamigawa,3
2023-06,Bloomburrow,0
2023-06,Bloomburrow Commander,0
2023-06,Born of the Gods,0
2023-06,Champions of Kamigawa,1
2023-06,Coldsnap,1
2023-06,Commander 2011,4
2023-06,Commander 2013,0
2023-06,Commander 2014,3
2023-06,Commander 2015,5
2023-06,Commander 2016,0
2023-06,Commander 2018,1
2023-06,Commander 2019,1
2023-06,Commander 2020,1
2023-06,Commander 2021,4
2023-06,Commander Legends,4
2023-06,Commander Legends: Battle for Baldur's Gate,13
2023-06,Commander Masters,0
2023-06,Conflux,7
2023-06,Conspiracy,1
2023-06,Conspiracy: Take the Crown,7
2023-06,Core Set 2019,1
2023-06,Core Set 2020,1
2023-06,Core Set 2021,1
2023-06,Crimson Vow Commander,0
2023-06,Dark Ascension,9
2023-06,Dark Ascension Promos,0
2023-06,Darksteel,11
2023-06,Dissension,4
2023-06,Doctor Who,0
2023-06,Dominaria,8
2023-06,Dominaria United,12
2023-06,Dominaria United Commander,0
2023-06,Dragon's Maze,1
2023-06,Dragon's Maze Promos,0
2023-06,Dragons of Tarkir,5
2023-06,Duel Decks: Blessed vs. Cursed,0
2023-06,Duel Decks: Izzet vs. Golgari,0
2023-06,Duel Decks: Zendikar vs. Eldrazi,0
2023-06,Duskmourn: House of Horror,0
2023-06,Duskmourn: House of Horror Commander,0
2023-06,Edge of Eternities,0
2023-06,Edge of Eternities Commander,0
2023-06,Eldritch Moon,10
2023-06,Eventide,0
2023-06,Exodus,4
2023-06,Fallen Empires,1
2023-06,Fallout,0
2023-06,Fate Reforged,5
2023-06,Fifth Dawn,4
2023-06,Final Fantasy,0
2023-06,Final Fantasy Commander,0
2023-06,Forgotten Realms Commander,1
2023-06,Foundations,0
2023-06,Foundations Jumpstart,0
2023-06,Friday Night Magic 2003,0
2023-06,Friday Night Magic 2011,0
2023-06,Friday Night Magic 2012,0
2023-06,Friday Night Magic 2013,0
2023-06,Friday Night Magic 2014,0
2023-06,Friday Night Magic 2015,0
2023-06,Friday Night Magic 2016,0
2023-06,Friday Night Magic 2017,4
2023-06,From the Vault: Legends,0
2023-06,Future Sight,6
2023-06,Game Day Promos,5
2023-06,Gatecrash,0
2023-06,Guildpact,1
2023-06,Guilds of Ravnica,1
2023-06,HarperPrism Book Promos,4
2023-06,Homelands,2
2023-06,Hour of Devastation,4
2023-06,Ice Age,15
2023-06,Ikoria: Lair of Behemoths,3
2023-06,Innistrad,9
2023-06,Innistrad: Crimson Vow,8
2023-06,Innistrad: Midnight Hunt,26
2023-06,Invasion,3
2023-06,Ixalan,4
2023-06,Journey into Nyx,1
2023-06,Journey into Nyx Promos,0
2023-06,Judge Gift Cards 1998,0
2023-06,Judgment,2
2023-06,Jumpstart,0
2023-06,Jumpstart 2022,0
2023-06,Jurassic World Collection,0
2023-06,Kaladesh,5
2023-06,Kaladesh Inventions,0
2023-06,Kaldheim,7
2023-06,Kamigawa: Neon Dynasty,17
2023-06,Khans of Tarkir,3
2023-06,Legends,8
2023-06,Legions,0
2023-06,Limited Edition Alpha,53
2023-06,Limited Edition Beta,0
2023-06,Lorwyn,10
2023-06,Lorwyn Eclipsed,0
2023-06,Lorwyn Eclipsed Commander,0
2023-06,Lorwyn Promos,0
2023-06,MTG Arena Promos,0
2023-06,Magic 2010,3
2023-06,Magic 2010 Promos,0
2023-06,Magic 2011,5
2023-06,Magic 2011 Promos,0
2023-06,Magic 2012,0
2023-06,Magic 2013,5
2023-06,Magic 2014,4
2023-06,Magic 2015,0
2023-06,Magic 2015 Promos,1
2023-06,Magic Origins,0
2023-06,MagicFest 2025,0
2023-06,March of the Machine,10
2023-06,March of the Machine Commander,2
2023-06,March of the Machine: The Aftermath,4
2023-06,Mercadian Masques,0
2023-06,Mirage,5
2023-06,Mirrodin,11
2023-06,Mirrodin Besieged,5
2023-06,Mirrodin Besieged Promos,0
2023-06,Modern Horizons,23
2023-06,Modern Horizons 2,70
2023-06,Modern Horizons 3,0
2023-06,Modern Horizons 3 Commander,0
2023-06,Morningtide,2
2023-06,Murders at Karlov Manor,0
2023-06,Murders at Karlov Manor Commander,0
2023-06,Nemesis,4
2023-06,Neon Dynasty Commander,1
2023-06,New Capenna Commander,1
2023-06,New Phyrexia,14
2023-06,New Phyrexia Promos,0
2023-06,Oath of the Gatewatch,2
2023-06,Odyssey,5
2023-06,Onslaught,0
2023-06,Outlaws of Thunder Junction,0
2023-06,Outlaws of Thunder Junction Commander,0
2023-06,Phyrexia: All Will Be One,16
2023-06,Phyrexia: All Will Be One Commander,0
2023-06,Planar Chaos,0
2023-06,Planechase 2012,1
2023-06,Planeshift,2
2023-06,Portal,0
2023-06,Portal Second Age,2
2023-06,Portal Three Kingdoms,3
2023-06,Prophecy,0
2023-06,Ravnica Allegiance,6
2023-06,Ravnica: City of Guilds,5
2023-06,Ravnica: Clue Edition,0
2023-06,Return to Ravnica,6
2023-06,Return to Ravnica Promos,4
2023-06,Rise of the Eldrazi,10
2023-06,Rivals of Ixalan,1
2023-06,Salvat 2005,0
2023-06,San Diego Comic-Con 2013,0
2023-06,San Diego Comic-Con 2015,5
2023-06,Saviors of Kamigawa,0
2023-06,Scars of Mirrodin,6
2023-06,Scars of Mirrodin Promos,0
2023-06,Scourge,2
2023-06,Secret Lair Drop,3
2023-06,Shadowmoor,0
2023-06,Shadows over Innistrad,4
2023-06,Shards of Alara,3
2023-06,Spotlight Series,0
2023-06,Starter 1999,0
2023-06,Streets of New Capenna,2
2023-06,Streets of New Capenna Promos,9
2023-06,Strixhaven Mystical Archive,0
2023-06,Strixhaven: School of Mages,7
2023-06,Stronghold,5
2023-06,Tales of Middle-earth Commander,4
2023-06,Tarkir: Dragonstorm,0
2023-06,Tarkir: Dragonstorm Commander,0
2023-06,Teenage Mutant Ninja Turtles,0
2023-06,Teenage Mutant Ninja Turtles Eternal,0
2023-06,Tempest,6
2023-06,The Big Score,0
2023-06,The Brothers' War,8
2023-06,The Brothers' War Commander,0
2023-06,The Dark,3
2023-06,The List,1
2023-06,The Lord of the Rings: Tales of Middle-earth,9
2023-06,The Lost Caverns of Ixalan,0
2023-06,The Lost Caverns of Ixalan Commander,0
2023-06,Theros,4
2023-06,Theros Beyond Death,12
2023-06,Theros Promos,0
2023-06,Throne of Eldraine,19
2023-06,Through the Omenpaths,0
2023-06,Time Spiral,1
2023-06,Time Spiral Promos,0
2023-06,Torment,1
2023-06,Transformers,0
2023-06,Treasure Chest,2
2023-06,Ugin's Fate,0
2023-06,Unfinity,4
2023-06,Urza's Destiny,0
2023-06,Urza's Legacy,10
2023-06,Urza's Saga,8
2023-06,Visions,4
2023-06,War of the Spark,13
2023-06,"Warhammer 40,000 Commander",6
2023-06,Weatherlight,0
2023-06,Wilds of Eldraine,0
2023-06,Wilds of Eldraine Commander,0
2023-06,Wizards Play Network 2012,0
2023-06,Wizards Play Network 2024,0
2023-06,Worldwake,5
2023-06,Zendikar,12
2023-06,Zendikar Rising,10
2023-07,Adventures in the Forgotten Realms,6
2023-07,Aether Revolt,9
2023-07,Aetherdrift,0
2023-07,Aetherdrift Commander,0
2023-07,Alara Reborn,3
2023-07,Alliances,26
2023-07,Amonkhet,5
2023-07,Amonkhet Invocations,0
2023-07,Antiquities,3
2023-07,Apocalypse,13
2023-07,Arabian Nights,0
2023-07,Arena League 2003,0
2023-07,Arena League 2004,3
2023-07,Arena League 2006,1
2023-07,Assassin's Creed,0
2023-07,Avacyn Restored,6
2023-07,Avacyn Restored Promos,0
2023-07,Avatar: The Last Airbender,0
2023-07,Avatar: The Last Airbender Eternal,0
2023-07,Battle for Zendikar,6
2023-07,Battlebond,1
2023-07,Betrayers of Kamigawa,4
2023-07,Bloomburrow,0
2023-07,Bloomburrow Commander,0
2023-07,Born of the Gods,3
2023-07,Champions of Kamigawa,6
2023-07,Coldsnap,6
2023-07,Commander 2011,5
2023-07,Commander 2013,6
2023-07,Commander 2014,8
2023-07,Commander 2015,5
2023-07,Commander 2016,0
2023-07,Commander 2018,4
2023-07,Commander 2019,5
2023-07,Commander 2020,1
2023-07,Commander 2021,3
2023-07,Commander Legends,8
2023-07,Commander Legends: Battle for Baldur's Gate,17
2023-07,Commander Masters,0
2023-07,Conflux,13
2023-07,Conspiracy,4
2023-07,Conspiracy: Take the Crown,11
2023-07,Core Set 2019,3
2023-07,Core Set 2020,8
2023-07,Core Set 2021,3
2023-07,Crimson Vow Commander,1
2023-07,Dark Ascension,14
2023-07,Dark Ascension Promos,0
2023-07,Darksteel,13
2023-07,Dissension,10
2023-07,Doctor Who,0
2023-07,Dominaria,9
2023-07,Dominaria United,20
2023-07,Dominaria United Commander,2
2023-07,Dragon's Maze,3
2023-07,Dragon's Maze Promos,0
2023-07,Dragons of Tarkir,6
2023-07,Duel Decks: Blessed vs. Cursed,0
2023-07,Duel Decks: Izzet vs. Golgari,2
2023-07,Duel Decks: Zendikar vs. Eldrazi,0
2023-07,Duskmourn: House of Horror,0
2023-07,Duskmourn: House of Horror Commander,0
2023-07,Edge of Eternities,0
2023-07,Edge of Eternities Commander,0
2023-07,Eldritch Moon,15
2023-07,Eventide,0
2023-07,Exodus,5
2023-07,Fallen Empires,1
2023-07,Fallout,0
2023-07,Fate Reforged,10
2023-07,Fifth Dawn,10
2023-07,Final Fantasy,0
2023-07,Final Fantasy Commander,0
2023-07,Forgotten Realms Commander,1
2023-07,Foundations,0
2023-07,Foundations Jumpstart,0
2023-07,Friday Night Magic 2003,0
2023-07,Friday Night Magic 2011,0
2023-07,Friday Night Magic 2012,0
2023-07,Friday Night Magic 2013,0
2023-07,Friday Night Magic 2014,0
2023-07,Friday Night Magic 2015,0
2023-07,Friday Night Magic 2016,0
2023-07,Friday Night Magic 2017,10
2023-07,From the Vault: Legends,0
2023-07,Future Sight,12
2023-07,Game Day Promos,4
2023-07,Gatecrash,1
2023-07,Guildpact,1
2023-07,Guilds of Ravnica,6
2023-07,HarperPrism Book Promos,5
2023-07,Homelands,3
2023-07,Hour of Devastation,6
2023-07,Ice Age,37
2023-07,Ikoria: Lair of Behemoths,8
2023-07,Innistrad,18
2023-07,Innistrad: Crimson Vow,8
2023-07,Innistrad: Midnight Hunt,39
2023-07,Invasion,10
2023-07,Ixalan,4
2023-07,Journey into Nyx,1
2023-07,Journey into Nyx Promos,0
2023-07,Judge Gift Cards 1998,0
2023-07,Judgment,7
2023-07,Jumpstart,1
2023-07,Jumpstart 2022,1
2023-07,Jurassic World Collection,0
2023-07,Kaladesh,5
2023-07,Kaladesh Inventions,0
2023-07,Kaldheim,7
2023-07,Kamigawa: Neon Dynasty,21
2023-07,Khans of Tarkir,12
2023-07,Legends,20
2023-07,Legions,0
2023-07,Limited Edition Alpha,99
2023-07,Limited Edition Beta,0
2023-07,Lorwyn,34
2023-07,Lorwyn Eclipsed,0
2023-07,Lorwyn Eclipsed Commander,0
2023-07,Lorwyn Promos,0
2023-07,MTG Arena Promos,0
2023-07,Magic 2010,6
2023-07,Magic 2010 Promos,0
2023-07,Magic 2011,21
2023-07,Magic 2011 Promos,0
2023-07,Magic 2012,1
2023-07,Magic 2013,1
2023-07,Magic 2014,8
2023-07,Magic 2015,0
2023-07,Magic 2015 Promos,1
2023-07,Magic Origins,1
2023-07,MagicFest 2025,0
2023-07,March of the Machine,17
2023-07,March of the Machine Commander,0
2023-07,March of the Machine: The Aftermath,4
2023-07,Mercadian Masques,3
2023-07,Mirage,23
2023-07,Mirrodin,23
2023-07,Mirrodin Besieged,5
2023-07,Mirrodin Besieged Promos,0
2023-07,Modern Horizons,51
2023-07,Modern Horizons 2,141
2023-07,Modern Horizons 3,0
2023-07,Modern Horizons 3 Commander,0
2023-07,Morningtide,8
2023-07,Murders at Karlov Manor,0
2023-07,Murders at Karlov Manor Commander,0
2023-07,Nemesis,11
2023-07,Neon Dynasty Commander,3
2023-07,New Capenna Commander,1
2023-07,New Phyrexia,30
2023-07,New Phyrexia Promos,0
2023-07,Oath of the Gatewatch,1
2023-07,Odyssey,12
2023-07,Onslaught,2
2023-07,Outlaws of Thunder Junction,0
2023-07,Outlaws of Thunder Junction Commander,0
2023-07,Phyrexia: All Will Be One,13
2023-07,Phyrexia: All Will Be One Commander,2
2023-07,Planar Chaos,3
2023-07,Planechase 2012,7
2023-07,Planeshift,8
2023-07,Portal,3
2023-07,Portal Second Age,7
2023-07,Portal Three Kingdoms,9
2023-07,Prophecy,1
2023-07,Ravnica Allegiance,7
2023-07,Ravnica: City of Guilds,19
2023-07,Ravnica: Clue Edition,0
2023-07,Return to Ravnica,9
2023-07,Return to Ravnica Promos,5
2023-07,Rise of the Eldrazi,28
2023-07,Rivals of Ixalan,2
2023-07,Salvat 2005,3
2023-07,San Diego Comic-Con 2013,0
2023-07,San Diego Comic-Con 2015,7
2023-07,Saviors of Kamigawa,1
2023-07,Scars of Mirrodin,8
2023-07,Scars of Mirrodin Promos,0
2023-07,Scourge,8
2023-07,Secret Lair Drop,4
2023-07,Shadowmoor,1
2023-07,Shadows over Innistrad,7
2023-07,Shards of Alara,8
2023-07,Spotlight Series,0
2023-07,Starter 1999,2
2023-07,Streets of New Capenna,5
2023-07,Streets of New Capenna Promos,15
2023-07,Strixhaven Mystical Archive,0
2023-07,Strixhaven: School of Mages,24
2023-07,Stronghold,17
2023-07,Tales of Middle-earth Commander,15
2023-07,Tarkir: Dragonstorm,0
2023-07,Tarkir: Dragonstorm Commander,0
2023-07,Teenage Mutant Ninja Turtles,0
2023-07,Teenage Mutant Ninja Turtles Eternal,0
2023-07,Tempest,15
2023-07,The Big Score,0
2023-07,The Brothers' War,21
2023-07,The Brothers' War Commander,0
2023-07,The Dark,2
2023-07,The List,1
2023-07,The Lord of the Rings: Tales of Middle-earth,50
2023-07,The Lost Caverns of Ixalan,0
2023-07,The Lost Caverns of Ixalan Commander,0
2023-07,Theros,4
2023-07,Theros Beyond Death,22
2023-07,Theros Promos,0
2023-07,Throne of Eldraine,36
2023-07,Through the Omenpaths,0
2023-07,Time Spiral,6
2023-07,Time Spiral Promos,0
2023-07,Torment,4
2023-07,Transformers,1
2023-07,Treasure Chest,1
2023-07,Ugin's Fate,1
2023-07,Unfinity,6
2023-07,Urza's Destiny,0
2023-07,Urza's Legacy,19
2023-07,Urza's Saga,18
2023-07,Visions,12
2023-07,War of the Spark,27
2023-07,"Warhammer 40,000 Commander",8
2023-07,Weatherlight,5
2023-07,Wilds of Eldraine,0
2023-07,Wilds of Eldraine Commander,0
2023-07,Wizards Play Network 2012,0
2023-07,Wizards Play Network 2024,0
2023-07,Worldwake,17
2023-07,Zendikar,26
2023-07,Zendikar Rising,15
2023-08,Adventures in the Forgotten Realms,6
2023-08,Aether Revolt,16
2023-08,Aetherdrift,0
2023-08,Aetherdrift Commander,0
2023-08,Alara Reborn,6
2023-08,Alliances,50
2023-08,Amonkhet,13
2023-08,Amonkhet Invocations,0
2023-08,Antiquities,3
2023-08,Apocalypse,25
2023-08,Arabian Nights,0
2023-08,Arena League 2003,0
2023-08,Arena League 2004,12
2023-08,Arena League 2006,2
2023-08,Assassin's Creed,0
2023-08,Avacyn Restored,12
2023-08,Avacyn Restored Promos,1
2023-08,Avatar: The Last Airbender,0
2023-08,Avatar: The Last Airbender Eternal,0
2023-08,Battle for Zendikar,6
2023-08,Battlebond,1
2023-08,Betrayers of Kamigawa,4
2023-08,Bloomburrow,0
2023-08,Bloomburrow Commander,0
2023-08,Born of the Gods,1
2023-08,Champions of Kamigawa,14
2023-08,Coldsnap,11
2023-08,Commander 2011,11
2023-08,Commander 2013,16
2023-08,Commander 2014,6
2023-08,Commander 2015,12
2023-08,Commander 2016,0
2023-08,Commander 2018,4
2023-08,Commander 2019,10
2023-08,Commander 2020,0
2023-08,Commander 2021,7
2023-08,Commander Legends,32
2023-08,Commander Legends: Battle for Baldur's Gate,66
2023-08,Commander Masters,0
2023-08,Conflux,30
2023-08,Conspiracy,1
2023-08,Conspiracy: Take the Crown,18
2023-08,Core Set 2019,4
2023-08,Core Set 2020,19
2023-08,Core Set 2021,9
2023-08,Crimson Vow Commander,0
2023-08,Dark Ascension,22
2023-08,Dark Ascension Promos,0
2023-08,Darksteel,16
2023-08,Dissension,29
2023-08,Doctor Who,0
2023-08,Dominaria,13
2023-08,Dominaria United,39
2023-08,Dominaria United Commander,2
2023-08,Dragon's Maze,4
2023-08,Dragon's Maze Promos,0
2023-08,Dragons of Tarkir,4
2023-08,Duel Decks: Blessed vs. Cursed,2
2023-08,Duel Decks: Izzet vs. Golgari,1
2023-08,Duel Decks: Zendikar vs. Eldrazi,0
2023-08,Duskmourn: House of Horror,0
2023-08,Duskmourn: House of Horror Commander,0
2023-08,Edge of Eternities,0
2023-08,Edge of Eternities Commander,0
2023-08,Eldritch Moon,27
2023-08,Eventide,1
2023-08,Exodus,9
2023-08,Fallen Empires,4
2023-08,Fallout,0
2023-08,Fate Reforged,16
2023-08,Fifth Dawn,14
2023-08,Final Fantasy,0
2023-08,Final Fantasy Commander,0
2023-08,Forgotten Realms Commander,1
2023-08,Foundations,0
2023-08,Foundations Jumpstart,0
2023-08,Friday Night Magic 2003,0
2023-08,Friday Night Magic 2011,0
2023-08,Friday Night Magic 2012,0
2023-08,Friday Night Magic 2013,0
2023-08,Friday Night Magic 2014,0
2023-08,Friday Night Magic 2015,0
2023-08,Friday Night Magic 2016,0
2023-08,Friday Night Magic 2017,20
2023-08,From the Vault: Legends,0
2023-08,Future Sight,32
2023-08,Game Day Promos,3
2023-08,Gatecrash,4
2023-08,Guildpact,6
2023-08,Guilds of Ravnica,15
2023-08,HarperPrism Book Promos,4
2023-08,Homelands,10
2023-08,Hour of Devastation,13
2023-08,Ice Age,63
2023-08,Ikoria: Lair of Behemoths,7
2023-08,Innistrad,35
2023-08,Innistrad: Crimson Vow,19
2023-08,Innistrad: Midnight Hunt,60
2023-08,Invasion,21
2023-08,Ixalan,8
2023-08,Journey into Nyx,3
2023-08,Journey into Nyx Promos,0
2023-08,Judge Gift Cards 1998,1
2023-08,Judgment,12
2023-08,Jumpstart,1
2023-08,Jumpstart 2022,1
2023-08,Jurassic World Collection,0
2023-08,Kaladesh,11
2023-08,Kaladesh Inventions,3
2023-08,Kaldheim,8
2023-08,Kamigawa: Neon Dynasty,37
2023-08,Khans of Tarkir,32
2023-08,Legends,41
2023-08,Legions,0
2023-08,Limited Edition Alpha,197
2023-08,Limited Edition Beta,0
2023-08,Lorwyn,74
2023-08,Lorwyn Eclipsed,0
2023-08,Lorwyn Eclipsed Commander,0
2023-08,Lorwyn Promos,0
2023-08,MTG Arena Promos,0
2023-08,Magic 2010,10
2023-08,Magic 2010 Promos,1
2023-08,Magic 2011,39
2023-08,Magic 2011 Promos,1
2023-08,Magic 2012,7
2023-08,Magic 2013,7
2023-08,Magic 2014,16
2023-08,Magic 2015,0
2023-08,Magic 2015 Promos,3
2023-08,Magic Origins,2
2023-08,MagicFest 2025,0
2023-08,March of the Machine,31
2023-08,March of the Machine Commander,2
2023-08,March of the Machine: The Aftermath,4
2023-08,Mercadian Masques,9
2023-08,Mirage,46
2023-08,Mirrodin,40
2023-08,Mirrodin Besieged,11
2023-08,Mirrodin Besieged Promos,1
2023-08,Modern Horizons,93
2023-08,Modern Horizons 2,229
2023-08,Modern Horizons 3,0
2023-08,Modern Horizons 3 Commander,0
2023-08,Morningtide,19
2023-08,Murders at Karlov Manor,0
2023-08,Murders at Karlov Manor Commander,0
2023-08,Nemesis,22
2023-08,Neon Dynasty Commander,2
2023-08,New Capenna Commander,0
2023-08,New Phyrexia,65
2023-08,New Phyrexia Promos,2
2023-08,Oath of the Gatewatch,3
2023-08,Odyssey,21
2023-08,Onslaught,2
2023-08,Outlaws of Thunder Junction,0
2023-08,Outlaws of Thunder Junction Commander,0
2023-08,Phyrexia: All Will Be One,29
2023-08,Phyrexia: All Will Be One Commander,0
2023-08,Planar Chaos,8
2023-08,Planechase 2012,12
2023-08,Planeshift,17
2023-08,Portal,9
2023-08,Portal Second Age,16
2023-08,Portal Three Kingdoms,12
2023-08,Prophecy,2
2023-08,Ravnica Allegiance,17
2023-08,Ravnica: City of Guilds,38
2023-08,Ravnica: Clue Edition,0
2023-08,Return to Ravnica,31
2023-08,Return to Ravnica Promos,1
2023-08,Rise of the Eldrazi,63
2023-08,Rivals of Ixalan,2
2023-08,Salvat 2005,9
2023-08,San Diego Comic-Con 2013,0
2023-08,San Diego Comic-Con 2015,6
2023-08,Saviors of Kamigawa,0
2023-08,Scars of Mirrodin,11
2023-08,Scars of Mirrodin Promos,0
2023-08,Scourge,20
2023-08,Secret Lair Drop,3
2023-08,Shadowmoor,5
2023-08,Shadows over Innistrad,10
2023-08,Shards of Alara,9
2023-08,Spotlight Series,0
2023-08,Starter 1999,8
2023-08,Streets of New Capenna,9
2023-08,Streets of New Capenna Promos,20
2023-08,Strixhaven Mystical Archive,3
2023-08,Strixhaven: School of Mages,34
2023-08,Stronghold,34
2023-08,Tales of Middle-earth Commander,33
2023-08,Tarkir: Dragonstorm,0
2023-08,Tarkir: Dragonstorm Commander,0
2023-08,Teenage Mutant Ninja Turtles,0
2023-08,Teenage Mutant Ninja Turtles Eternal,0
2023-08,Tempest,28
2023-08,The Big Score,0
2023-08,The Brothers' War,29
2023-08,The Brothers' War Commander,0
2023-08,The Dark,5
2023-08,The List,3
2023-08,The Lord of the Rings: Tales of Middle-earth,105
2023-08,The Lost Caverns of Ixalan,0
2023-08,The Lost Caverns of Ixalan Commander,0
2023-08,Theros,5
2023-08,Theros Beyond Death,31
2023-08,Theros Promos,0
2023-08,Throne of Eldraine,75
2023-08,Through the Omenpaths,0
2023-08,Time Spiral,4
2023-08,Time Spiral Promos,0
2023-08,Torment,4
2023-08,Transformers,4
2023-08,Treasure Chest,3
2023-08,Ugin's Fate,3
2023-08,Unfinity,13
2023-08,Urza's Destiny,2
2023-08,Urza's Legacy,34
2023-08,Urza's Saga,38
2023-08,Visions,26
2023-08,War of the Spark,62
2023-08,"Warhammer 40,000 Commander",13
2023-08,Weatherlight,6
2023-08,Wilds of Eldraine,0
2023-08,Wilds of Eldraine Commander,0
2023-08,Wizards Play Network 2012,0
2023-08,Wizards Play Network 2024,0
2023-08,Worldwake,21
2023-08,Zendikar,39
2023-08,Zendikar Rising,24
2023-09,Adventures in the Forgotten Realms,4
2023-09,Aether Revolt,11
2023-09,Aetherdrift,0
2023-09,Aetherdrift Commander,0
2023-09,Alara Reborn,3
2023-09,Alliances,29
2023-09,Amonkhet,7
2023-09,Amonkhet Invocations,0
2023-09,Antiquities,4
2023-09,Apocalypse,26
2023-09,Arabian Nights,0
2023-09,Arena League 2003,0
2023-09,Arena League 2004,5
2023-09,Arena League 2006,0
2023-09,Assassin's Creed,0
2023-09,Avacyn Restored,12
2023-09,Avacyn Restored Promos,1
2023-09,Avatar: The Last Airbender,0
2023-09,Avatar: The Last Airbender Eternal,0
2023-09,Battle for Zendikar,3
2023-09,Battlebond,1
2023-09,Betrayers of Kamigawa,2
2023-09,Bloomburrow,0
2023-09,Bloomburrow Commander,0
2023-09,Born of the Gods,1
2023-09,Champions of Kamigawa,5
2023-09,Coldsnap,6
2023-09,Commander 2011,5
2023-09,Commander 2013,12
2023-09,Commander 2014,2
2023-09,Commander 2015,13
2023-09,Commander 2016,0
2023-09,Commander 2018,1
2023-09,Commander 2019,4
2023-09,Commander 2020,2
2023-09,Commander 2021,5
2023-09,Commander Legends,20
2023-09,Commander Legends: Battle for Baldur's Gate,40
2023-09,Commander Masters,0
2023-09,Conflux,20
2023-09,Conspiracy,5
2023-09,Conspiracy: Take the Crown,6
2023-09,Core Set 2019,2
2023-09,Core Set 2020,5
2023-09,Core Set 2021,8
2023-09,Crimson Vow Commander,0
2023-09,Dark Ascension,23
2023-09,Dark Ascension Promos,0
2023-09,Darksteel,12
2023-09,Dissension,21
2023-09,Doctor Who,0
2023-09,Dominaria,13
2023-09,Dominaria United,30
2023-09,Dominaria United Commander,3
2023-09,Dragon's Maze,2
2023-09,Dragon's Maze Promos,0
2023-09,Dragons of Tarkir,2
2023-09,Duel Decks: Blessed vs. Cursed,1
2023-09,Duel Decks: Izzet vs. Golgari,1
2023-09,Duel Decks: Zendikar vs. Eldrazi,0
2023-09,Duskmourn: House of Horror,0
2023-09,Duskmourn: House of Horror Commander,0
2023-09,Edge of Eternities,0
2023-09,Edge of Eternities Commander,0
2023-09,Eldritch Moon,15
2023-09,Eventide,1
2023-09,Exodus,5
2023-09,Fallen Empires,6
2023-09,Fallout,0
2023-09,Fate Reforged,5
2023-09,Fifth Dawn,12
2023-09,Final Fantasy,0
2023-09,Final Fantasy Commander,0
2023-09,Forgotten Realms Commander,1
2023-09,Foundations,0
2023-09,Foundations Jumpstart,0
2023-09,Friday Night Magic 2003,0
2023-09,Friday Night Magic 2011,0
2023-09,Friday Night Magic 2012,0
2023-09,Friday Night Magic 2013,0
2023-09,Friday Night Magic 2014,0
2023-09,Friday Night Magic 2015,0
2023-09,Friday Night Magic 2016,0
2023-09,Friday Night Magic 2017,14
2023-09,From the Vault: Legends,0
2023-09,Future Sight,25
2023-09,Game Day Promos,2
2023-09,Gatecrash,0
2023-09,Guildpact,1
2023-09,Guilds of Ravnica,12
2023-09,HarperPrism Book Promos,2
2023-09,Homelands,8
2023-09,Hour of Devastation,7
2023-09,Ice Age,36
2023-09,Ikoria: Lair of Behemoths,8
2023-09,Innistrad,27
2023-09,Innistrad: Crimson Vow,15
2023-09,Innistrad: Midnight Hunt,40
2023-09,Invasion,23
2023-09,Ixalan,2
2023-09,Journey into Nyx,2
2023-09,Journey into Nyx Promos,0
2023-09,Judge Gift Cards 1998,1
2023-09,Judgment,14
2023-09,Jumpstart,0
2023-09,Jumpstart 2022,2
2023-09,Jurassic World Collection,0
2023-09,Kaladesh,5
2023-09,Kaladesh Inventions,1
2023-09,Kaldheim,5
2023-09,Kamigawa: Neon Dynasty,27
2023-09,Khans of Tarkir,25
2023-09,Legends,38
2023-09,Legions,0
2023-09,Limited Edition Alpha,141
2023-09,Limited Edition Beta,0
2023-09,Lorwyn,53
2023-09,Lorwyn Eclipsed,0
2023-09,Lorwyn Eclipsed Commander,0
2023-09,Lorwyn Promos,0
2023-09,MTG Arena Promos,0
2023-09,Magic 2010,2
2023-09,Magic 2010 Promos,0
2023-09,Magic 2011,23
2023-09,Magic 2011 Promos,0
2023-09,Magic 2012,1
2023-09,Magic 2013,6
2023-09,Magic 2014,9
2023-09,Magic 2015,1
2023-09,Magic 2015 Promos,1
2023-09,Magic Origins,0
2023-09,MagicFest 2025,0
2023-09,March of the Machine,32
2023-09,March of the Machine Commander,4
2023-09,March of the Machine: The Aftermath,1
2023-09,Mercadian Masques,12
2023-09,Mirage,22
2023-09,Mirrodin,20
2023-09,Mirrodin Besieged,9
2023-09,Mirrodin Besieged Promos,0
2023-09,Modern Horizons,65
2023-09,Modern Horizons 2,179
2023-09,Modern Horizons 3,0
2023-09,Modern Horizons 3 Commander,0
2023-09,Morningtide,12
2023-09,Murders at Karlov Manor,0
2023-09,Murders at Karlov Manor Commander,0
2023-09,Nemesis,18
2023-09,Neon Dynasty Commander,0
2023-09,New Capenna Commander,1
2023-09,New Phyrexia,45
2023-09,New Phyrexia Promos,0
2023-09,Oath of the Gatewatch,2
2023-09,Odyssey,18
2023-09,Onslaught,2
2023-09,Outlaws of Thunder Junction,0
2023-09,Outlaws of Thunder Junction Commander,0
2023-09,Phyrexia: All Will Be One,38
2023-09,Phyrexia: All Will Be One Commander,1
2023-09,Planar Chaos,1
2023-09,Planechase 2012,10
2023-09,Planeshift,4
2023-09,Portal,0
2023-09,Portal Second Age,13
2023-09,Portal Three Kingdoms,3
2023-09,Prophecy,0
2023-09,Ravnica Allegiance,7
2023-09,Ravnica: City of Guilds,28
2023-09,Ravnica: Clue Edition,0
2023-09,Return to Ravnica,23
2023-09,Return to Ravnica Promos,3
2023-09,Rise of the Eldrazi,57
2023-09,Rivals of Ixalan,0
2023-09,Salvat 2005,2
2023-09,San Diego Comic-Con 2013,0
2023-09,San Diego Comic-Con 2015,1
2023-09,Saviors of Kamigawa,1
2023-09,Scars of Mirrodin,7
2023-09,Scars of Mirrodin Promos,0
2023-09,Scourge,7
2023-09,Secret Lair Drop,0
2023-09,Shadowmoor,3
2023-09,Shadows over Innistrad,3
2023-09,Shards of Alara,5
2023-09,Spotlight Series,0
2023-09,Starter 1999,1
2023-09,Streets of New Capenna,1
2023-09,Streets of New Capenna Promos,23
2023-09,Strixhaven Mystical Archive,0
2023-09,Strixhaven: School of Mages,28
2023-09,Stronghold,25
2023-09,Tales of Middle-earth Commander,21
2023-09,Tarkir: Dragonstorm,0
2023-09,Tarkir: Dragonstorm Commander,0
2023-09,Teenage Mutant Ninja Turtles,0
2023-09,Teenage Mutant Ninja Turtles Eternal,0
2023-09,Tempest,15
2023-09,The Big Score,0
2023-09,The Brothers' War,26
2023-09,The Brothers' War Commander,0
2023-09,The Dark,4
2023-09,The List,1
2023-09,The Lord of the Rings: Tales of Middle-earth,103
2023-09,The Lost Caverns of Ixalan,0
2023-09,The Lost Caverns of Ixalan Commander,0
2023-09,Theros,3
2023-09,Theros Beyond Death,34
2023-09,Theros Promos,0
2023-09,Throne of Eldraine,59
2023-09,Through the Omenpaths,0
2023-09,Time Spiral,4
2023-09,Time Spiral Promos,0
2023-09,Torment,3
2023-09,Transformers,1
2023-09,Treasure Chest,4
2023-09,Ugin's Fate,2
2023-09,Unfinity,12
2023-09,Urza's Destiny,1
2023-09,Urza's Legacy,24
2023-09,Urza's Saga,24
2023-09,Visions,6
2023-09,War of the Spark,46
2023-09,"Warhammer 40,000 Commander",18
2023-09,Weatherlight,2
2023-09,Wilds of Eldraine,8
2023-09,Wilds of Eldraine Commander,2
2023-09,Wizards Play Network 2012,0
2023-09,Wizards Play Network 2024,0
2023-09,Worldwake,20
2023-09,Zendikar,28
2023-09,Zendikar Rising,20
2023-10,Adventures in the Forgotten Realms,9
2023-10,Aether Revolt,21
2023-10,Aetherdrift,0
2023-10,Aetherdrift Commander,0
2023-10,Alara Reborn,9
2023-10,Alliances,28
2023-10,Amonkhet,26
2023-10,Amonkhet Invocations,0
2023-10,Antiquities,8
2023-10,Apocalypse,21
2023-10,Arabian Nights,0
2023-10,Arena League 2003,1
2023-10,Arena League 2004,3
2023-10,Arena League 2006,0
2023-10,Assassin's Creed,0
2023-10,Avacyn Restored,10
2023-10,Avacyn Restored Promos,1
2023-10,Avatar: The Last Airbender,0
2023-10,Avatar: The Last Airbender Eternal,0
2023-10,Battle for Zendikar,5
2023-10,Battlebond,1
2023-10,Betrayers of Kamigawa,4
2023-10,Bloomburrow,0
2023-10,Bloomburrow Commander,0
2023-10,Born of the Gods,4
2023-10,Champions of Kamigawa,12
2023-10,Coldsnap,5
2023-10,Commander 2011,7
2023-10,Commander 2013,6
2023-10,Commander 2014,4
2023-10,Commander 2015,16
2023-10,Commander 2016,0
2023-10,Commander 2018,6
2023-10,Commander 2019,5
2023-10,Commander 2020,0
2023-10,Commander 2021,13
2023-10,Commander Legends,17
2023-10,Commander Legends: Battle for Baldur's Gate,70
2023-10,Commander Masters,2
2023-10,Conflux,25
2023-10,Conspiracy,2
2023-10,Conspiracy: Take the Crown,17
2023-10,Core Set 2019,5
2023-10,Core Set 2020,18
2023-10,Core Set 2021,9
2023-10,Crimson Vow Commander,0
2023-10,Dark Ascension,18
2023-10,Dark Ascension Promos,0
2023-10,Darksteel,21
2023-10,Dissension,24
2023-10,Doctor Who,0
2023-10,Dominaria,17
2023-10,Dominaria United,38
2023-10,Dominaria United Commander,1
2023-10,Dragon's Maze,4
2023-10,Dragon's Maze Promos,0
2023-10,Dragons of Tarkir,8
2023-10,Duel Decks: Blessed vs. Cursed,0
2023-10,Duel Decks: Izzet vs. Golgari,0
2023-10,Duel Decks: Zendikar vs. Eldrazi,0
2023-10,Duskmourn: House of Horror,0
2023-10,Duskmourn: House of Horror Commander,0
2023-10,Edge of Eternities,0
2023-10,Edge of Eternities Commander,0
2023-10,Eldritch Moon,21
2023-10,Eventide,1
2023-10,Exodus,13
2023-10,Fallen Empires,5
2023-10,Fallout,0
2023-10,Fate Reforged,11
2023-10,Fifth Dawn,13
2023-10,Final Fantasy,0
2023-10,Final Fantasy Commander,0
2023-10,Forgotten Realms Commander,2
2023-10,Foundations,0
2023-10,Foundations Jumpstart,0
2023-10,Friday Night Magic 2003,0
2023-10,Friday Night Magic 2011,1
2023-10,Friday Night Magic 2012,2
2023-10,Friday Night Magic 2013,1
2023-10,Friday Night Magic 2014,0
2023-10,Friday Night Magic 2015,0
2023-10,Friday Night Magic 2016,0
2023-10,Friday Night Magic 2017,6
2023-10,From the Vault: Legends,0
2023-10,Future Sight,33
2023-10,Game Day Promos,5
2023-10,Gatecrash,6
2023-10,Guildpact,4
2023-10,Guilds of Ravnica,8
2023-10,HarperPrism Book Promos,6
2023-10,Homelands,3
2023-10,Hour of Devastation,12
2023-10,Ice Age,29
2023-10,Ikoria: Lair of Behemoths,16
2023-10,Innistrad,21
2023-10,Innistrad: Crimson Vow,29
2023-10,Innistrad: Midnight Hunt,55
2023-10,Invasion,13
2023-10,Ixalan,9
2023-10,Journey into Nyx,5
2023-10,Journey into Nyx Promos,0
2023-10,Judge Gift Cards 1998,0
2023-10,Judgment,10
2023-10,Jumpstart,2
2023-10,Jumpstart 2022,3
2023-10,Jurassic World Collection,0
2023-10,Kaladesh,21
2023-10,Kaladesh Inventions,4
2023-10,Kaldheim,15
2023-10,Kamigawa: Neon Dynasty,47
2023-10,Khans of Tarkir,28
2023-10,Legends,28
2023-10,Legions,0
2023-10,Limited Edition Alpha,195
2023-10,Limited Edition Beta,0
2023-10,Lorwyn,46
2023-10,Lorwyn Eclipsed,0
2023-10,Lorwyn Eclipsed Commander,0
2023-10,Lorwyn Promos,0
2023-10,MTG Arena Promos,0
2023-10,Magic 2010,5
2023-10,Magic 2010 Promos,0
2023-10,Magic 2011,18
2023-10,Magic 2011 Promos,0
2023-10,Magic 2012,0
2023-10,Magic 2013,11
2023-10,Magic 2014,7
2023-10,Magic 2015,0
2023-10,Magic 2015 Promos,7
2023-10,Magic Origins,1
2023-10,MagicFest 2025,0
2023-10,March of the Machine,26
2023-10,March of the Machine Commander,6
2023-10,March of the Machine: The Aftermath,6
2023-10,Mercadian Masques,4
2023-10,Mirage,19
2023-10,Mirrodin,43
2023-10,Mirrodin Besieged,14
2023-10,Mirrodin Besieged Promos,0
2023-10,Modern Horizons,97
2023-10,Modern Horizons 2,194
2023-10,Modern Horizons 3,0
2023-10,Modern Horizons 3 Commander,0
2023-10,Morningtide,7
2023-10,Murders at Karlov Manor,0
2023-10,Murders at Karlov Manor Commander,0
2023-10,Nemesis,19
2023-10,Neon Dynasty Commander,5
2023-10,New Capenna Commander,0
2023-10,New Phyrexia,38
2023-10,New Phyrexia Promos,4
2023-10,Oath of the Gatewatch,5
2023-10,Odyssey,7
2023-10,Onslaught,4
2023-10,Outlaws of Thunder Junction,0
2023-10,Outlaws of Thunder Junction Commander,0
2023-10,Phyrexia: All Will Be One,33
2023-10,Phyrexia: All Will Be One Commander,0
2023-10,Planar Chaos,4
2023-10,Planechase 2012,4
2023-10,Planeshift,3
2023-10,Portal,3
2023-10,Portal Second Age,13
2023-10,Portal Three Kingdoms,6
2023-10,Prophecy,0
2023-10,Ravnica Allegiance,10
2023-10,Ravnica: City of Guilds,22
2023-10,Ravnica: Clue Edition,0
2023-10,Return to Ravnica,20
2023-10,Return to Ravnica Promos,6
2023-10,Rise of the Eldrazi,51
2023-10,Rivals of Ixalan,2
2023-10,Salvat 2005,0
2023-10,San Diego Comic-Con 2013,0
2023-10,San Diego Comic-Con 2015,5
2023-10,Saviors of Kamigawa,1
2023-10,Scars of Mirrodin,18
2023-10,Scars of Mirrodin Promos,0
2023-10,Scourge,6
2023-10,Secret Lair Drop,1
2023-10,Shadowmoor,2
2023-10,Shadows over Innistrad,7
2023-10,Shards of Alara,14
2023-10,Spotlight Series,0
2023-10,Starter 1999,0
2023-10,Streets of New Capenna,2
2023-10,Streets of New Capenna Promos,16
2023-10,Strixhaven Mystical Archive,0
2023-10,Strixhaven: School of Mages,22
2023-10,Stronghold,26
2023-10,Tales of Middle-earth Commander,36
2023-10,Tarkir: Dragonstorm,0
2023-10,Tarkir: Dragonstorm Commander,0
2023-10,Teenage Mutant Ninja Turtles,0
2023-10,Teenage Mutant Ninja Turtles Eternal,0
2023-10,Tempest,19
2023-10,The Big Score,0
2023-10,The Brothers' War,25
2023-10,The Brothers' War Commander,0
2023-10,The Dark,10
2023-10,The List,0
2023-10,The Lord of the Rings: Tales of Middle-earth,104
2023-10,The Lost Caverns of Ixalan,0
2023-10,The Lost Caverns of Ixalan Commander,0
2023-10,Theros,6
2023-10,Theros Beyond Death,41
2023-10,Theros Promos,0
2023-10,Throne of Eldraine,65
2023-10,Through the Omenpaths,0
2023-10,Time Spiral,5
2023-10,Time Spiral Promos,0
2023-10,Torment,2
2023-10,Transformers,1
2023-10,Treasure Chest,7
2023-10,Ugin's Fate,4
2023-10,Unfinity,18
2023-10,Urza's Destiny,1
2023-10,Urza's Legacy,44
2023-10,Urza's Saga,23
2023-10,Visions,12
2023-10,War of the Spark,46
2023-10,"Warhammer 40,000 Commander",16
2023-10,Weatherlight,1
2023-10,Wilds of Eldraine,17
2023-10,Wilds of Eldraine Commander,6
2023-10,Wizards Play Network 2012,0
2023-10,Wizards Play Network 2024,0
2023-10,Worldwake,21
2023-10,Zendikar,36
2023-10,Zendikar Rising,36
2023-11,Adventures in the Forgotten Realms,13
2023-11,Aether Revolt,16
2023-11,Aetherdrift,0
2023-11,Aetherdrift Commander,0
2023-11,Alara Reborn,10
2023-11,Alliances,37
2023-11,Amonkhet,12
2023-11,Amonkhet Invocations,0
2023-11,Antiquities,11
2023-11,Apocalypse,21
2023-11,Arabian Nights,0
2023-11,Arena League 2003,0
2023-11,Arena League 2004,9
2023-11,Arena League 2006,0
2023-11,Assassin's Creed,0
2023-11,Avacyn Restored,12
2023-11,Avacyn Restored Promos,0
2023-11,Avatar: The Last Airbender,0
2023-11,Avatar: The Last Airbender Eternal,0
2023-11,Battle for Zendikar,6
2023-11,Battlebond,0
2023-11,Betrayers of Kamigawa,0
2023-11,Bloomburrow,0
2023-11,Bloomburrow Commander,0
2023-11,Born of the Gods,2
2023-11,Champions of Kamigawa,9
2023-11,Coldsnap,11
2023-11,Commander 2011,5
2023-11,Commander 2013,11
2023-11,Commander 2014,4
2023-11,Commander 2015,10
2023-11,Commander 2016,1
2023-11,Commander 2018,10
2023-11,Commander 2019,10
2023-11,Commander 2020,3
2023-11,Commander 2021,8
2023-11,Commander Legends,20
2023-11,Commander Legends: Battle for Baldur's Gate,49
2023-11,Commander Masters,1
2023-11,Conflux,24
2023-11,Conspiracy,1
2023-11,Conspiracy: Take the Crown,10
2023-11,Core Set 2019,2
2023-11,Core Set 2020,18
2023-11,Core Set 2021,8
2023-11,Crimson Vow Commander,1
2023-11,Dark Ascension,21
2023-11,Dark Ascension Promos,0
2023-11,Darksteel,19
2023-11,Dissension,26
2023-11,Doctor Who,1
2023-11,Dominaria,21
2023-11,Dominaria United,35
2023-11,Dominaria United Commander,2
2023-11,Dragon's Maze,2
2023-11,Dragon's Maze Promos,0
2023-11,Dragons of Tarkir,6
2023-11,Duel Decks: Blessed vs. Cursed,1
2023-11,Duel Decks: Izzet vs. Golgari,1
2023-11,Duel Decks: Zendikar vs. Eldrazi,0
2023-11,Duskmourn: House of Horror,0
2023-11,Duskmourn: House of Horror Commander,0
2023-11,Edge of Eternities,0
2023-11,Edge of Eternities Commander,0
2023-11,Eldritch Moon,17
2023-11,Eventide,1
2023-11,Exodus,13
2023-11,Fallen Empires,3
2023-11,Fallout,0
2023-11,Fate Reforged,9
2023-11,Fifth Dawn,15
2023-11,Final Fantasy,0
2023-11,Final Fantasy Commander,0
2023-11,Forgotten Realms Commander,0
2023-11,Foundations,0
2023-11,Foundations Jumpstart,0
2023-11,Friday Night Magic 2003,0
2023-11,Friday Night Magic 2011,0
2023-11,Friday Night Magic 2012,1
2023-11,Friday Night Magic 2013,0
2023-11,Friday Night Magic 2014,0
2023-11,Friday Night Magic 2015,0
2023-11,Friday Night Magic 2016,0
2023-11,Friday Night Magic 2017,8
2023-11,From the Vault: Legends,0
2023-11,Future Sight,24
2023-11,Game Day Promos,3
2023-11,Gatecrash,2
2023-11,Guildpact,3
2023-11,Guilds of Ravnica,4
2023-11,HarperPrism Book Promos,5
2023-11,Homelands,7
2023-11,Hour of Devastation,8
2023-11,Ice Age,49
2023-11,Ikoria: Lair of Behemoths,12
2023-11,Innistrad,27
2023-11,Innistrad: Crimson Vow,15
2023-11,Innistrad: Midnight Hunt,57
2023-11,Invasion,18
2023-11,Ixalan,10
2023-11,Journey into Nyx,4
2023-11,Journey into Nyx Promos,0
2023-11,Judge Gift Cards 1998,1
2023-11,Judgment,10
2023-11,Jumpstart,0
2023-11,Jumpstart 2022,0
2023-11,Jurassic World Collection,0
2023-11,Kaladesh,8
2023-11,Kaladesh Inventions,4
2023-11,Kaldheim,13
2023-11,Kamigawa: Neon Dynasty,40
2023-11,Khans of Tarkir,31
2023-11,Legends,29
2023-11,Legions,0
2023-11,Limited Edition Alpha,191
2023-11,Limited Edition Beta,0
2023-11,Lorwyn,56
2023-11,Lorwyn Eclipsed,0
2023-11,Lorwyn Eclipsed Commander,0
2023-11,Lorwyn Promos,0
2023-11,MTG Arena Promos,0
2023-11,Magic 2010,8
2023-11,Magic 2010 Promos,0
2023-11,Magic 2011,30
2023-11,Magic 2011 Promos,0
2023-11,Magic 2012,0
2023-11,Magic 2013,7
2023-11,Magic 2014,8
2023-11,Magic 2015,0
2023-11,Magic 2015 Promos,4
2023-11,Magic Origins,2
2023-11,MagicFest 2025,0
2023-11,March of the Machine,33
2023-11,March of the Machine Commander,4
2023-11,March of the Machine: The Aftermath,5
2023-11,Mercadian Masques,10
2023-11,Mirage,40
2023-11,Mirrodin,52
2023-11,Mirrodin Besieged,6
2023-11,Mirrodin Besieged Promos,0
2023-11,Modern Horizons,85
2023-11,Modern Horizons 2,202
2023-11,Modern Horizons 3,0
2023-11,Modern Horizons 3 Commander,0
2023-11,Morningtide,10
2023-11,Murders at Karlov Manor,0
2023-11,Murders at Karlov Manor Commander,0
2023-11,Nemesis,18
2023-11,Neon Dynasty Commander,9
2023-11,New Capenna Commander,1
2023-11,New Phyrexia,53
2023-11,New Phyrexia Promos,2
2023-11,Oath of the Gatewatch,2
2023-11,Odyssey,22
2023-11,Onslaught,4
2023-11,Outlaws of Thunder Junction,0
2023-11,Outlaws of Thunder Junction Commander,0
2023-11,Phyrexia: All Will Be One,26
2023-11,Phyrexia: All Will Be One Commander,4
2023-11,Planar Chaos,5
2023-11,Planechase 2012,6
2023-11,Planeshift,12
2023-11,Portal,4
2023-11,Portal Second Age,17
2023-11,Portal Three Kingdoms,10
2023-11,Prophecy,4
2023-11,Ravnica Allegiance,15
2023-11,Ravnica: City of Guilds,31
2023-11,Ravnica: Clue Edition,0
2023-11,Return to Ravnica,12
2023-11,Return to Ravnica Promos,5
2023-11,Rise of the Eldrazi,50
2023-11,Rivals of Ixalan,8
2023-11,Salvat 2005,2
2023-11,San Diego Comic-Con 2013,0
2023-11,San Diego Comic-Con 2015,4
2023-11,Saviors of Kamigawa,4
2023-11,Scars of Mirrodin,11
2023-11,Scars of Mirrodin Promos,0
2023-11,Scourge,16
2023-11,Secret Lair Drop,3
2023-11,Shadowmoor,7
2023-11,Shadows over Innistrad,5
2023-11,Shards of Alara,13
2023-11,Spotlight Series,0
2023-11,Starter 1999,4
2023-11,Streets of New Capenna,5
2023-11,Streets of New Capenna Promos,15
2023-11,Strixhaven Mystical Archive,0
2023-11,Strixhaven: School of Mages,33
2023-11,Stronghold,33
2023-11,Tales of Middle-earth Commander,40
2023-11,Tarkir: Dragonstorm,0
2023-11,Tarkir: Dragonstorm Commander,0
2023-11,Teenage Mutant Ninja Turtles,0
2023-11,Teenage Mutant Ninja Turtles Eternal,0
2023-11,Tempest,31
2023-11,The Big Score,0
2023-11,The Brothers' War,33
2023-11,The Brothers' War Commander,0
2023-11,The Dark,9
2023-11,The List,0
2023-11,The Lord of the Rings: Tales of Middle-earth,95
2023-11,The Lost Caverns of Ixalan,33
2023-11,The Lost Caverns of Ixalan Commander,5
2023-11,Theros,5
2023-11,Theros Beyond Death,34
2023-11,Theros Promos,1
2023-11,Throne of Eldraine,62
2023-11,Through the Omenpaths,0
2023-11,Time Spiral,5
2023-11,Time Spiral Promos,0
2023-11,Torment,4
2023-11,Transformers,2
2023-11,Treasure Chest,3
2023-11,Ugin's Fate,3
2023-11,Unfinity,19
2023-11,Urza's Destiny,1
2023-11,Urza's Legacy,49
2023-11,Urza's Saga,42
2023-11,Visions,18
2023-11,War of the Spark,53
2023-11,"Warhammer 40,000 Commander",20
2023-11,Weatherlight,5
2023-11,Wilds of Eldraine,12
2023-11,Wilds of Eldraine Commander,3
2023-11,Wizards Play Network 2012,0
2023-11,Wizards Play Network 2024,0
2023-11,Worldwake,19
2023-11,Zendikar,37
2023-11,Zendikar Rising,23
2023-12,Adventures in the Forgotten Realms,10
2023-12,Aether Revolt,13
2023-12,Aetherdrift,0
2023-12,Aetherdrift Commander,0
2023-12,Alara Reborn,9
2023-12,Alliances,23
2023-12,Amonkhet,8
2023-12,Amonkhet Invocations,0
2023-12,Antiquities,6
2023-12,Apocalypse,18
2023-12,Arabian Nights,0
2023-12,Arena League 2003,0
2023-12,Arena League 2004,7
2023-12,Arena League 2006,0
2023-12,Assassin's Creed,0
2023-12,Avacyn Restored,15
2023-12,Avacyn Restored Promos,0
2023-12,Avatar: The Last Airbender,0
2023-12,Avatar: The Last Airbender Eternal,0
2023-12,Battle for Zendikar,5
2023-12,Battlebond,0
2023-12,Betrayers of Kamigawa,1
2023-12,Bloomburrow,0
2023-12,Bloomburrow Commander,0
2023-12,Born of the Gods,1
2023-12,Champions of Kamigawa,14
2023-12,Coldsnap,6
2023-12,Commander 2011,5
2023-12,Commander 2013,3
2023-12,Commander 2014,2
2023-12,Commander 2015,5
2023-12,Commander 2016,0
2023-12,Commander 2018,9
2023-12,Commander 2019,6
2023-12,Commander 2020,0
2023-12,Commander 2021,3
2023-12,Commander Legends,17
2023-12,Commander Legends: Battle for Baldur's Gate,30
2023-12,Commander Masters,0
2023-12,Conflux,18
2023-12,Conspiracy,0
2023-12,Conspiracy: Take the Crown,8
2023-12,Core Set 2019,7
2023-12,Core Set 2020,10
2023-12,Core Set 2021,4
2023-12,Crimson Vow Commander,0
2023-12,Dark Ascension,10
2023-12,Dark Ascension Promos,0
2023-12,Darksteel,16
2023-12,Dissension,12
2023-12,Doctor Who,2
2023-12,Dominaria,13
2023-12,Dominaria United,18
2023-12,Dominaria United Commander,1
2023-12,Dragon's Maze,2
2023-12,Dragon's Maze Promos,0
2023-12,Dragons of Tarkir,3
2023-12,Duel Decks: Blessed vs. Cursed,0
2023-12,Duel Decks: Izzet vs. Golgari,1
2023-12,Duel Decks: Zendikar vs. Eldrazi,0
2023-12,Duskmourn: House of Horror,0
2023-12,Duskmourn: House of Horror Commander,0
2023-12,Edge of Eternities,0
2023-12,Edge of Eternities Commander,0
2023-12,Eldritch Moon,15
2023-12,Eventide,1
2023-12,Exodus,6
2023-12,Fallen Empires,5
2023-12,Fallout,0
2023-12,Fate Reforged,2
2023-12,Fifth Dawn,18
2023-12,Final Fantasy,0
2023-12,Final Fantasy Commander,0
2023-12,Forgotten Realms Commander,1
2023-12,Foundations,0
2023-12,Foundations Jumpstart,0
2023-12,Friday Night Magic 2003,0
2023-12,Friday Night Magic 2011,0
2023-12,Friday Night Magic 2012,2
2023-12,Friday Night Magic 2013,0
2023-12,Friday Night Magic 2014,0
2023-12,Friday Night Magic 2015,0
2023-12,Friday Night Magic 2016,0
2023-12,Friday Night Magic 2017,11
2023-12,From the Vault: Legends,0
2023-12,Future Sight,13
2023-12,Game Day Promos,2
2023-12,Gatecrash,2
2023-12,Guildpact,4
2023-12,Guilds of Ravnica,7
2023-12,HarperPrism Book Promos,3
2023-12,Homelands,5
2023-12,Hour of Devastation,5
2023-12,Ice Age,42
2023-12,Ikoria: Lair of Behemoths,12
2023-12,Innistrad,18
2023-12,Innistrad: Crimson Vow,5
2023-12,Innistrad: Midnight Hunt,29
2023-12,Invasion,13
2023-12,Ixalan,4
2023-12,Journey into Nyx,2
2023-12,Journey into Nyx Promos,0
2023-12,Judge Gift Cards 1998,0
2023-12,Judgment,9
2023-12,Jumpstart,1
2023-12,Jumpstart 2022,0
2023-12,Jurassic World Collection,1
2023-12,Kaladesh,5
2023-12,Kaladesh Inventions,2
2023-12,Kaldheim,7
2023-12,Kamigawa: Neon Dynasty,29
2023-12,Khans of Tarkir,25
2023-12,Legends,20
2023-12,Legions,0
2023-12,Limited Edition Alpha,129
2023-12,Limited Edition Beta,0
2023-12,Lorwyn,50
2023-12,Lorwyn Eclipsed,0
2023-12,Lorwyn Eclipsed Commander,0
2023-12,Lorwyn Promos,0
2023-12,MTG Arena Promos,0
2023-12,Magic 2010,6
2023-12,Magic 2010 Promos,0
2023-12,Magic 2011,23
2023-12,Magic 2011 Promos,0
2023-12,Magic 2012,0
2023-12,Magic 2013,3
2023-12,Magic 2014,3
2023-12,Magic 2015,0
2023-12,Magic 2015 Promos,3
2023-12,Magic Origins,0
2023-12,MagicFest 2025,0
2023-12,March of the Machine,17
2023-12,March of the Machine Commander,1
2023-12,March of the Machine: The Aftermath,2
2023-12,Mercadian Masques,3
2023-12,Mirage,29
2023-12,Mirrodin,32
2023-12,Mirrodin Besieged,4
2023-12,Mirrodin Besieged Promos,0
2023-12,Modern Horizons,68
2023-12,Modern Horizons 2,142
2023-12,Modern Horizons 3,0
2023-12,Modern Horizons 3 Commander,0
2023-12,Morningtide,10
2023-12,Murders at Karlov Manor,0
2023-12,Murders at Karlov Manor Commander,0
2023-12,Nemesis,17
2023-12,Neon Dynasty Commander,9
2023-12,New Capenna Commander,2
2023-12,New Phyrexia,39
2023-12,New Phyrexia Promos,1
2023-12,Oath of the Gatewatch,1
2023-12,Odyssey,23
2023-12,Onslaught,3
2023-12,Outlaws of Thunder Junction,0
2023-12,Outlaws of Thunder Junction Commander,0
2023-12,Phyrexia: All Will Be One,16
2023-12,Phyrexia: All Will Be One Commander,3
2023-12,Planar Chaos,2
2023-12,Planechase 2012,7
2023-12,Planeshift,4
2023-12,Portal,7
2023-12,Portal Second Age,14
2023-12,Portal Three Kingdoms,9
2023-12,Prophecy,1
2023-12,Ravnica Allegiance,6
2023-12,Ravnica: City of Guilds,31
2023-12,Ravnica: Clue Edition,0
2023-12,Return to Ravnica,16
2023-12,Return to Ravnica Promos,3
2023-12,Rise of the Eldrazi,30
2023-12,Rivals of Ixalan,1
2023-12,Salvat 2005,2
2023-12,San Diego Comic-Con 2013,0
2023-12,San Diego Comic-Con 2015,5
2023-12,Saviors of Kamigawa,3
2023-12,Scars of Mirrodin,13
2023-12,Scars of Mirrodin Promos,0
2023-12,Scourge,12
2023-12,Secret Lair Drop,0
2023-12,Shadowmoor,6
2023-12,Shadows over Innistrad,5
2023-12,Shards of Alara,9
2023-12,Spotlight Series,0
2023-12,Starter 1999,1
2023-12,Streets of New Capenna,4
2023-12,Streets of New Capenna Promos,9
2023-12,Strixhaven Mystical Archive,0
2023-12,Strixhaven: School of Mages,17
2023-12,Stronghold,18
2023-12,Tales of Middle-earth Commander,12
2023-12,Tarkir: Dragonstorm,0
2023-12,Tarkir: Dragonstorm Commander,0
2023-12,Teenage Mutant Ninja Turtles,0
2023-12,Teenage Mutant Ninja Turtles Eternal,0
2023-12,Tempest,38
2023-12,The Big Score,0
2023-12,The Brothers' War,20
2023-12,The Brothers' War Commander,0
2023-12,The Dark,3
2023-12,The List,0
2023-12,The Lord of the Rings: Tales of Middle-earth,81
2023-12,The Lost Caverns of Ixalan,32
2023-12,The Lost Caverns of Ixalan Commander,4
2023-12,Theros,4
2023-12,Theros Beyond Death,26
2023-12,Theros Promos,3
2023-12,Throne of Eldraine,40
2023-12,Through the Omenpaths,0
2023-12,Time Spiral,9
2023-12,Time Spiral Promos,0
2023-12,Torment,2
2023-12,Transformers,1
2023-12,Treasure Chest,1
2023-12,Ugin's Fate,1
2023-12,Unfinity,8
2023-12,Urza's Destiny,1
2023-12,Urza's Legacy,33
2023-12,Urza's Saga,35
2023-12,Visions,23
2023-12,War of the Spark,44
2023-12,"Warhammer 40,000 Commander",16
2023-12,Weatherlight,6
2023-12,Wilds of Eldraine,11
2023-12,Wilds of Eldraine Commander,2
2023-12,Wizards Play Network 2012,0
2023-12,Wizards Play Network 2024,0
2023-12,Worldwake,17
2023-12,Zendikar,27
2023-12,Zendikar Rising,14
2024-01,Adventures in the Forgotten Realms,16
2024-01,Aether Revolt,22
2024-01,Aetherdrift,0
2024-01,Aetherdrift Commander,0
2024-01,Alara Reborn,16
2024-01,Alliances,36
2024-01,Amonkhet,20
2024-01,Amonkhet Invocations,0
2024-01,Antiquities,14
2024-01,Apocalypse,27
2024-01,Arabian Nights,0
2024-01,Arena League 2003,0
2024-01,Arena League 2004,6
2024-01,Arena League 2006,0
2024-01,Assassin's Creed,0
2024-01,Avacyn Restored,17
2024-01,Avacyn Restored Promos,1
2024-01,Avatar: The Last Airbender,0
2024-01,Avatar: The Last Airbender Eternal,0
2024-01,Battle for Zendikar,3
2024-01,Battlebond,1
2024-01,Betrayers of Kamigawa,3
2024-01,Bloomburrow,0
2024-01,Bloomburrow Commander,0
2024-01,Born of the Gods,4
2024-01,Champions of Kamigawa,22
2024-01,Coldsnap,10
2024-01,Commander 2011,5
2024-01,Commander 2013,4
2024-01,Commander 2014,9
2024-01,Commander 2015,16
2024-01,Commander 2016,0
2024-01,Commander 2018,15
2024-01,Commander 2019,9
2024-01,Commander 2020,1
2024-01,Commander 2021,13
2024-01,Commander Legends,25
2024-01,Commander Legends: Battle for Baldur's Gate,89
2024-01,Commander Masters,1
2024-01,Conflux,28
2024-01,Conspiracy,1
2024-01,Conspiracy: Take the Crown,18
2024-01,Core Set 2019,11
2024-01,Core Set 2020,20
2024-01,Core Set 2021,8
2024-01,Crimson Vow Commander,0
2024-01,Dark Ascension,13
2024-01,Dark Ascension Promos,0
2024-01,Darksteel,25
2024-01,Dissension,21
2024-01,Doctor Who,6
2024-01,Dominaria,22
2024-01,Dominaria United,36
2024-01,Dominaria United Commander,1
2024-01,Dragon's Maze,2
2024-01,Dragon's Maze Promos,0
2024-01,Dragons of Tarkir,10
2024-01,Duel Decks: Blessed vs. Cursed,0
2024-01,Duel Decks: Izzet vs. Golgari,0
2024-01,Duel Decks: Zendikar vs. Eldrazi,0
2024-01,Duskmourn: House of Horror,0
2024-01,Duskmourn: House of Horror Commander,0
2024-01,Edge of Eternities,0
2024-01,Edge of Eternities Commander,0
2024-01,Eldritch Moon,22
2024-01,Eventide,3
2024-01,Exodus,17
2024-01,Fallen Empires,8
2024-01,Fallout,0
2024-01,Fate Reforged,8
2024-01,Fifth Dawn,29
2024-01,Final Fantasy,0
2024-01,Final Fantasy Commander,0
2024-01,Forgotten Realms Commander,3
2024-01,Foundations,0
2024-01,Foundations Jumpstart,0
2024-01,Friday Night Magic 2003,0
2024-01,Friday Night Magic 2011,0
2024-01,Friday Night Magic 2012,2
2024-01,Friday Night Magic 2013,0
2024-01,Friday Night Magic 2014,0
2024-01,Friday Night Magic 2015,0
2024-01,Friday Night Magic 2016,0
2024-01,Friday Night Magic 2017,14
2024-01,From the Vault: Legends,0
2024-01,Future Sight,24
2024-01,Game Day Promos,5
2024-01,Gatecrash,8
2024-01,Guildpact,2
2024-01,Guilds of Ravnica,13
2024-01,HarperPrism Book Promos,8
2024-01,Homelands,10
2024-01,Hour of Devastation,14
2024-01,Ice Age,60
2024-01,Ikoria: Lair of Behemoths,12
2024-01,Innistrad,28
2024-01,Innistrad: Crimson Vow,25
2024-01,Innistrad: Midnight Hunt,73
2024-01,Invasion,23
2024-01,Ixalan,7
2024-01,Journey into Nyx,6
2024-01,Journey into Nyx Promos,0
2024-01,Judge Gift Cards 1998,0
2024-01,Judgment,10
2024-01,Jumpstart,1
2024-01,Jumpstart 2022,3
2024-01,Jurassic World Collection,1
2024-01,Kaladesh,17
2024-01,Kaladesh Inventions,3
2024-01,Kaldheim,14
2024-01,Kamigawa: Neon Dynasty,55
2024-01,Khans of Tarkir,15
2024-01,Legends,32
2024-01,Legions,2
2024-01,Limited Edition Alpha,235
2024-01,Limited Edition Beta,0
2024-01,Lorwyn,69
2024-01,Lorwyn Eclipsed,0
2024-01,Lorwyn Eclipsed Commander,0
2024-01,Lorwyn Promos,0
2024-01,MTG Arena Promos,0
2024-01,Magic 2010,9
2024-01,Magic 2010 Promos,0
2024-01,Magic 2011,35
2024-01,Magic 2011 Promos,0
2024-01,Magic 2012,3
2024-01,Magic 2013,10
2024-01,Magic 2014,11
2024-01,Magic 2015,0
2024-01,Magic 2015 Promos,7
2024-01,Magic Origins,2
2024-01,MagicFest 2025,0
2024-01,March of the Machine,33
2024-01,March of the Machine Commander,5
2024-01,March of the Machine: The Aftermath,3
2024-01,Mercadian Masques,8
2024-01,Mirage,44
2024-01,Mirrodin,86
2024-01,Mirrodin Besieged,12
2024-01,Mirrodin Besieged Promos,1
2024-01,Modern Horizons,118
2024-01,Modern Horizons 2,249
2024-01,Modern Horizons 3,0
2024-01,Modern Horizons 3 Commander,0
2024-01,Morningtide,11
2024-01,Murders at Karlov Manor,1
2024-01,Murders at Karlov Manor Commander,0
2024-01,Nemesis,19
2024-01,Neon Dynasty Commander,8
2024-01,New Capenna Commander,0
2024-01,New Phyrexia,56
2024-01,New Phyrexia Promos,0
2024-01,Oath of the Gatewatch,4
2024-01,Odyssey,17
2024-01,Onslaught,16
2024-01,Outlaws of Thunder Junction,0
2024-01,Outlaws of Thunder Junction Commander,0
2024-01,Phyrexia: All Will Be One,30
2024-01,Phyrexia: All Will Be One Commander,3
2024-01,Planar Chaos,9
2024-01,Planechase 2012,5
2024-01,Planeshift,11
2024-01,Portal,6
2024-01,Portal Second Age,18
2024-01,Portal Three Kingdoms,10
2024-01,Prophecy,2
2024-01,Ravnica Allegiance,12
2024-01,Ravnica: City of Guilds,45
2024-01,Ravnica: Clue Edition,0
2024-01,Return to Ravnica,29
2024-01,Return to Ravnica Promos,4
2024-01,Rise of the Eldrazi,62
2024-01,Rivals of Ixalan,4
2024-01,Salvat 2005,3
2024-01,San Diego Comic-Con 2013,0
2024-01,San Diego Comic-Con 2015,5
2024-01,Saviors of Kamigawa,3
2024-01,Scars of Mirrodin,27
2024-01,Scars of Mirrodin Promos,0
2024-01,Scourge,29
2024-01,Secret Lair Drop,1
2024-01,Shadowmoor,5
2024-01,Shadows over Innistrad,7
2024-01,Shards of Alara,15
2024-01,Spotlight Series,0
2024-01,Starter 1999,3
2024-01,Streets of New Capenna,3
2024-01,Streets of New Capenna Promos,20
2024-01,Strixhaven Mystical Archive,0
2024-01,Strixhaven: School of Mages,27
2024-01,Stronghold,36
2024-01,Tales of Middle-earth Commander,38
2024-01,Tarkir: Dragonstorm,0
2024-01,Tarkir: Dragonstorm Commander,0
2024-01,Teenage Mutant Ninja Turtles,0
2024-01,Teenage Mutant Ninja Turtles Eternal,0
2024-01,Tempest,42
2024-01,The Big Score,0
2024-01,The Brothers' War,41
2024-01,The Brothers' War Commander,0
2024-01,The Dark,13
2024-01,The List,0
2024-01,The Lord of the Rings: Tales of Middle-earth,124
2024-01,The Lost Caverns of Ixalan,53
2024-01,The Lost Caverns of Ixalan Commander,9
2024-01,Theros,7
2024-01,Theros Beyond Death,48
2024-01,Theros Promos,2
2024-01,Throne of Eldraine,76
2024-01,Through the Omenpaths,0
2024-01,Time Spiral,12
2024-01,Time Spiral Promos,0
2024-01,Torment,3
2024-01,Transformers,1
2024-01,Treasure Chest,5
2024-01,Ugin's Fate,2
2024-01,Unfinity,19
2024-01,Urza's Destiny,4
2024-01,Urza's Legacy,46
2024-01,Urza's Saga,40
2024-01,Visions,42
2024-01,War of the Spark,65
2024-01,"Warhammer 40,000 Commander",20
2024-01,Weatherlight,10
2024-01,Wilds of Eldraine,24
2024-01,Wilds of Eldraine Commander,2
2024-01,Wizards Play Network 2012,0
2024-01,Wizards Play Network 2024,0
2024-01,Worldwake,25
2024-01,Zendikar,56
2024-01,Zendikar Rising,31
2024-02,Adventures in the Forgotten Realms,11
2024-02,Aether Revolt,16
2024-02,Aetherdrift,0
2024-02,Aetherdrift Commander,0
2024-02,Alara Reborn,12
2024-02,Alliances,38
2024-02,Amonkhet,12
2024-02,Amonkhet Invocations,0
2024-02,Antiquities,15
2024-02,Apocalypse,28
2024-02,Arabian Nights,0
2024-02,Arena League 2003,0
2024-02,Arena League 2004,11
2024-02,Arena League 2006,0
2024-02,Assassin's Creed,0
2024-02,Avacyn Restored,12
2024-02,Avacyn Restored Promos,1
2024-02,Avatar: The Last Airbender,0
2024-02,Avatar: The Last Airbender Eternal,0
2024-02,Battle for Zendikar,4
2024-02,Battlebond,2
2024-02,Betrayers of Kamigawa,1
2024-02,Bloomburrow,0
2024-02,Bloomburrow Commander,0
2024-02,Born of the Gods,3
2024-02,Champions of Kamigawa,18
2024-02,Coldsnap,6
2024-02,Commander 2011,8
2024-02,Commander 2013,3
2024-02,Commander 2014,3
2024-02,Commander 2015,19
2024-02,Commander 2016,1
2024-02,Commander 2018,10
2024-02,Commander 2019,3
2024-02,Commander 2020,1
2024-02,Commander 2021,10
2024-02,Commander Legends,21
2024-02,Commander Legends: Battle for Baldur's Gate,74
2024-02,Commander Masters,1
2024-02,Conflux,30
2024-02,Conspiracy,3
2024-02,Conspiracy: Take the Crown,11
2024-02,Core Set 2019,3
2024-02,Core Set 2020,13
2024-02,Core Set 2021,5
2024-02,Crimson Vow Commander,0
2024-02,Dark Ascension,14
2024-02,Dark Ascension Promos,0
2024-02,Darksteel,17
2024-02,Dissension,23
2024-02,Doctor Who,5
2024-02,Dominaria,14
2024-02,Dominaria United,32
2024-02,Dominaria United Commander,2
2024-02,Dragon's Maze,3
2024-02,Dragon's Maze Promos,0
2024-02,Dragons of Tarkir,5
2024-02,Duel Decks: Blessed vs. Cursed,0
2024-02,Duel Decks: Izzet vs. Golgari,1
2024-02,Duel Decks: Zendikar vs. Eldrazi,0
2024-02,Duskmourn: House of Horror,0
2024-02,Duskmourn: House of Horror Commander,0
2024-02,Edge of Eternities,0
2024-02,Edge of Eternities Commander,0
2024-02,Eldritch Moon,21
2024-02,Eventide,0
2024-02,Exodus,13
2024-02,Fallen Empires,5
2024-02,Fallout,0
2024-02,Fate Reforged,5
2024-02,Fifth Dawn,21
2024-02,Final Fantasy,0
2024-02,Final Fantasy Commander,0
2024-02,Forgotten Realms Commander,1
2024-02,Foundations,0
2024-02,Foundations Jumpstart,0
2024-02,Friday Night Magic 2003,0
2024-02,Friday Night Magic 2011,1
2024-02,Friday Night Magic 2012,2
2024-02,Friday Night Magic 2013,1
2024-02,Friday Night Magic 2014,0
2024-02,Friday Night Magic 2015,0
2024-02,Friday Night Magic 2016,0
2024-02,Friday Night Magic 2017,14
2024-02,From the Vault: Legends,0
2024-02,Future Sight,27
2024-02,Game Day Promos,2
2024-02,Gatecrash,0
2024-02,Guildpact,2
2024-02,Guilds of Ravnica,9
2024-02,HarperPrism Book Promos,5
2024-02,Homelands,12
2024-02,Hour of Devastation,10
2024-02,Ice Age,52
2024-02,Ikoria: Lair of Behemoths,12
2024-02,Innistrad,24
2024-02,Innistrad: Crimson Vow,29
2024-02,Innistrad: Midnight Hunt,57
2024-02,Invasion,25
2024-02,Ixalan,4
2024-02,Journey into Nyx,0
2024-02,Journey into Nyx Promos,0
2024-02,Judge Gift Cards 1998,1
2024-02,Judgment,8
2024-02,Jumpstart,0
2024-02,Jumpstart 2022,0
2024-02,Jurassic World Collection,2
2024-02,Kaladesh,12
2024-02,Kaladesh Inventions,6
2024-02,Kaldheim,5
2024-02,Kamigawa: Neon Dynasty,45
2024-02,Khans of Tarkir,19
2024-02,Legends,36
2024-02,Legions,2
2024-02,Limited Edition Alpha,246
2024-02,Limited Edition Beta,0
2024-02,Lorwyn,63
2024-02,Lorwyn Eclipsed,0
2024-02,Lorwyn Eclipsed Commander,0
2024-02,Lorwyn Promos,0
2024-02,MTG Arena Promos,0
2024-02,Magic 2010,8
2024-02,Magic 2010 Promos,0
2024-02,Magic 2011,30
2024-02,Magic 2011 Promos,1
2024-02,Magic 2012,3
2024-02,Magic 2013,6
2024-02,Magic 2014,13
2024-02,Magic 2015,1
2024-02,Magic 2015 Promos,3
2024-02,Magic Origins,1
2024-02,MagicFest 2025,0
2024-02,March of the Machine,21
2024-02,March of the Machine Commander,11
2024-02,March of the Machine: The Aftermath,8
2024-02,Mercadian Masques,7
2024-02,Mirage,42
2024-02,Mirrodin,71
2024-02,Mirrodin Besieged,16
2024-02,Mirrodin Besieged Promos,0
2024-02,Modern Horizons,112
2024-02,Modern Horizons 2,238
2024-02,Modern Horizons 3,0
2024-02,Modern Horizons 3 Commander,0
2024-02,Morningtide,11
2024-02,Murders at Karlov Manor,27
2024-02,Murders at Karlov Manor Commander,0
2024-02,Nemesis,19
2024-02,Neon Dynasty Commander,4
2024-02,New Capenna Commander,1
2024-02,New Phyrexia,62
2024-02,New Phyrexia Promos,2
2024-02,Oath of the Gatewatch,3
2024-02,Odyssey,15
2024-02,Onslaught,14
2024-02,Outlaws of Thunder Junction,0
2024-02,Outlaws of Thunder Junction Commander,0
2024-02,Phyrexia: All Will Be One,39
2024-02,Phyrexia: All Will Be One Commander,4
2024-02,Planar Chaos,3
2024-02,Planechase 2012,4
2024-02,Planeshift,6
2024-02,Portal,5
2024-02,Portal Second Age,18
2024-02,Portal Three Kingdoms,8
2024-02,Prophecy,0
2024-02,Ravnica Allegiance,14
2024-02,Ravnica: City of Guilds,42
2024-02,Ravnica: Clue Edition,0
2024-02,Return to Ravnica,26
2024-02,Return to Ravnica Promos,7
2024-02,Rise of the Eldrazi,59
2024-02,Rivals of Ixalan,0
2024-02,Salvat 2005,1
2024-02,San Diego Comic-Con 2013,0
2024-02,San Diego Comic-Con 2015,5
2024-02,Saviors of Kamigawa,1
2024-02,Scars of Mirrodin,19
2024-02,Scars of Mirrodin Promos,0
2024-02,Scourge,22
2024-02,Secret Lair Drop,2
2024-02,Shadowmoor,12
2024-02,Shadows over Innistrad,4
2024-02,Shards of Alara,13
2024-02,Spotlight Series,0
2024-02,Starter 1999,1
2024-02,Streets of New Capenna,0
2024-02,Streets of New Capenna Promos,12
2024-02,Strixhaven Mystical Archive,0
2024-02,Strixhaven: School of Mages,26
2024-02,Stronghold,35
2024-02,Tales of Middle-earth Commander,41
2024-02,Tarkir: Dragonstorm,0
2024-02,Tarkir: Dragonstorm Commander,0
2024-02,Teenage Mutant Ninja Turtles,0
2024-02,Teenage Mutant Ninja Turtles Eternal,0
2024-02,Tempest,30
2024-02,The Big Score,0
2024-02,The Brothers' War,30
2024-02,The Brothers' War Commander,0
2024-02,The Dark,9
2024-02,The List,1
2024-02,The Lord of the Rings: Tales of Middle-earth,129
2024-02,The Lost Caverns of Ixalan,75
2024-02,The Lost Caverns of Ixalan Commander,9
2024-02,Theros,2
2024-02,Theros Beyond Death,49
2024-02,Theros Promos,2
2024-02,Throne of Eldraine,70
2024-02,Through the Omenpaths,0
2024-02,Time Spiral,8
2024-02,Time Spiral Promos,0
2024-02,Torment,2
2024-02,Transformers,0
2024-02,Treasure Chest,5
2024-02,Ugin's Fate,2
2024-02,Unfinity,22
2024-02,Urza's Destiny,0
2024-02,Urza's Legacy,54
2024-02,Urza's Saga,36
2024-02,Visions,26
2024-02,War of the Spark,65
2024-02,"Warhammer 40,000 Commander",20
2024-02,Weatherlight,13
2024-02,Wilds of Eldraine,19
2024-02,Wilds of Eldraine Commander,2
2024-02,Wizards Play Network 2012,0
2024-02,Wizards Play Network 2024,0
2024-02,Worldwake,23
2024-02,Zendikar,39
2024-02,Zendikar Rising,22
2024-03,Adventures in the Forgotten Realms,20
2024-03,Aether Revolt,19
2024-03,Aetherdrift,0
2024-03,Aetherdrift Commander,0
2024-03,Alara Reborn,14
2024-03,Alliances,62
2024-03,Amonkhet,19
2024-03,Amonkhet Invocations,1
2024-03,Antiquities,15
2024-03,Apocalypse,37
2024-03,Arabian Nights,0
2024-03,Arena League 2003,0
2024-03,Arena League 2004,18
2024-03,Arena League 2006,1
2024-03,Assassin's Creed,0
2024-03,Avacyn Restored,13
2024-03,Avacyn Restored Promos,0
2024-03,Avatar: The Last Airbender,0
2024-03,Avatar: The Last Airbender Eternal,0
2024-03,Battle for Zendikar,11
2024-03,Battlebond,2
2024-03,Betrayers of Kamigawa,2
2024-03,Bloomburrow,0
2024-03,Bloomburrow Commander,0
2024-03,Born of the Gods,3
2024-03,Champions of Kamigawa,29
2024-03,Coldsnap,13
2024-03,Commander 2011,15
2024-03,Commander 2013,3
2024-03,Commander 2014,4
2024-03,Commander 2015,18
2024-03,Commander 2016,2
2024-03,Commander 2018,10
2024-03,Commander 2019,9
2024-03,Commander 2020,4
2024-03,Commander 2021,18
2024-03,Commander Legends,25
2024-03,Commander Legends: Battle for Baldur's Gate,92
2024-03,Commander Masters,1
2024-03,Conflux,35
2024-03,Conspiracy,1
2024-03,Conspiracy: Take the Crown,18
2024-03,Core Set 2019,9
2024-03,Core Set 2020,19
2024-03,Core Set 2021,5
2024-03,Crimson Vow Commander,0
2024-03,Dark Ascension,24
2024-03,Dark Ascension Promos,0
2024-03,Darksteel,28
2024-03,Dissension,29
2024-03,Doctor Who,3
2024-03,Dominaria,10
2024-03,Dominaria United,38
2024-03,Dominaria United Commander,3
2024-03,Dragon's Maze,7
2024-03,Dragon's Maze Promos,0
2024-03,Dragons of Tarkir,7
2024-03,Duel Decks: Blessed vs. Cursed,1
2024-03,Duel Decks: Izzet vs. Golgari,0
2024-03,Duel Decks: Zendikar vs. Eldrazi,0
2024-03,Duskmourn: House of Horror,0
2024-03,Duskmourn: House of Horror Commander,0
2024-03,Edge of Eternities,0
2024-03,Edge of Eternities Commander,0
2024-03,Eldritch Moon,28
2024-03,Eventide,3
2024-03,Exodus,29
2024-03,Fallen Empires,6
2024-03,Fallout,1
2024-03,Fate Reforged,6
2024-03,Fifth Dawn,27
2024-03,Final Fantasy,0
2024-03,Final Fantasy Commander,0
2024-03,Forgotten Realms Commander,2
2024-03,Foundations,0
2024-03,Foundations Jumpstart,0
2024-03,Friday Night Magic 2003,0
2024-03,Friday Night Magic 2011,2
2024-03,Friday Night Magic 2012,3
2024-03,Friday Night Magic 2013,3
2024-03,Friday Night Magic 2014,1
2024-03,Friday Night Magic 2015,0
2024-03,Friday Night Magic 2016,0
2024-03,Friday Night Magic 2017,23
2024-03,From the Vault: Legends,0
2024-03,Future Sight,36
2024-03,Game Day Promos,2
2024-03,Gatecrash,8
2024-03,Guildpact,3
2024-03,Guilds of Ravnica,21
2024-03,HarperPrism Book Promos,5
2024-03,Homelands,14
2024-03,Hour of Devastation,26
2024-03,Ice Age,86
2024-03,Ikoria: Lair of Behemoths,24
2024-03,Innistrad,39
2024-03,Innistrad: Crimson Vow,32
2024-03,Innistrad: Midnight Hunt,74
2024-03,Invasion,32
2024-03,Ixalan,7
2024-03,Journey into Nyx,4
2024-03,Journey into Nyx Promos,0
2024-03,Judge Gift Cards 1998,1
2024-03,Judgment,15
2024-03,Jumpstart,1
2024-03,Jumpstart 2022,2
2024-03,Jurassic World Collection,3
2024-03,Kaladesh,21
2024-03,Kaladesh Inventions,5
2024-03,Kaldheim,13
2024-03,Kamigawa: Neon Dynasty,44
2024-03,Khans of Tarkir,35
2024-03,Legends,54
2024-03,Legions,4
2024-03,Limited Edition Alpha,303
2024-03,Limited Edition Beta,0
2024-03,Lorwyn,85
2024-03,Lorwyn Eclipsed,0
2024-03,Lorwyn Eclipsed Commander,0
2024-03,Lorwyn Promos,1
2024-03,MTG Arena Promos,0
2024-03,Magic 2010,8
2024-03,Magic 2010 Promos,0
2024-03,Magic 2011,48
2024-03,Magic 2011 Promos,1
2024-03,Magic 2012,0
2024-03,Magic 2013,11
2024-03,Magic 2014,23
2024-03,Magic 2015,0
2024-03,Magic 2015 Promos,7
2024-03,Magic Origins,5
2024-03,MagicFest 2025,0
2024-03,March of the Machine,32
2024-03,March of the Machine Commander,7
2024-03,March of the Machine: The Aftermath,6
2024-03,Mercadian Masques,22
2024-03,Mirage,53
2024-03,Mirrodin,74
2024-03,Mirrodin Besieged,25
2024-03,Mirrodin Besieged Promos,0
2024-03,Modern Horizons,138
2024-03,Modern Horizons 2,322
2024-03,Modern Horizons 3,0
2024-03,Modern Horizons 3 Commander,0
2024-03,Morningtide,19
2024-03,Murders at Karlov Manor,35
2024-03,Murders at Karlov Manor Commander,0
2024-03,Nemesis,28
2024-03,Neon Dynasty Commander,2
2024-03,New Capenna Commander,3
2024-03,New Phyrexia,76
2024-03,New Phyrexia Promos,2
2024-03,Oath of the Gatewatch,3
2024-03,Odyssey,29
2024-03,Onslaught,19
2024-03,Outlaws of Thunder Junction,0
2024-03,Outlaws of Thunder Junction Commander,0
2024-03,Phyrexia: All Will Be One,51
2024-03,Phyrexia: All Will Be One Commander,4
2024-03,Planar Chaos,6
2024-03,Planechase 2012,5
2024-03,Planeshift,13
2024-03,Portal,8
2024-03,Portal Second Age,25
2024-03,Portal Three Kingdoms,12
2024-03,Prophecy,3
2024-03,Ravnica Allegiance,24
2024-03,Ravnica: City of Guilds,55
2024-03,Ravnica: Clue Edition,3
2024-03,Return to Ravnica,48
2024-03,Return to Ravnica Promos,1
2024-03,Rise of the Eldrazi,87
2024-03,Rivals of Ixalan,2
2024-03,Salvat 2005,5
2024-03,San Diego Comic-Con 2013,0
2024-03,San Diego Comic-Con 2015,4
2024-03,Saviors of Kamigawa,0
2024-03,Scars of Mirrodin,22
2024-03,Scars of Mirrodin Promos,0
2024-03,Scourge,33
2024-03,Secret Lair Drop,0
2024-03,Shadowmoor,11
2024-03,Shadows over Innistrad,12
2024-03,Shards of Alara,14
2024-03,Spotlight Series,0
2024-03,Starter 1999,2
2024-03,Streets of New Capenna,5
2024-03,Streets of New Capenna Promos,18
2024-03,Strixhaven Mystical Archive,0
2024-03,Strixhaven: School of Mages,36
2024-03,Stronghold,39
2024-03,Tales of Middle-earth Commander,33
2024-03,Tarkir: Dragonstorm,0
2024-03,Tarkir: Dragonstorm Commander,0
2024-03,Teenage Mutant Ninja Turtles,0
2024-03,Teenage Mutant Ninja Turtles Eternal,0
2024-03,Tempest,41
2024-03,The Big Score,0
2024-03,The Brothers' War,50
2024-03,The Brothers' War Commander,0
2024-03,The Dark,15
2024-03,The List,3
2024-03,The Lord of the Rings: Tales of Middle-earth,175
2024-03,The Lost Caverns of Ixalan,99
2024-03,The Lost Caverns of Ixalan Commander,17
2024-03,Theros,9
2024-03,Theros Beyond Death,67
2024-03,Theros Promos,7
2024-03,Throne of Eldraine,106
2024-03,Through the Omenpaths,0
2024-03,Time Spiral,9
2024-03,Time Spiral Promos,0
2024-03,Torment,4
2024-03,Transformers,0
2024-03,Treasure Chest,3
2024-03,Ugin's Fate,3
2024-03,Unfinity,20
2024-03,Urza's Destiny,2
2024-03,Urza's Legacy,57
2024-03,Urza's Saga,51
2024-03,Visions,38
2024-03,War of the Spark,77
2024-03,"Warhammer 40,000 Commander",40
2024-03,Weatherlight,11
2024-03,Wilds of Eldraine,37
2024-03,Wilds of Eldraine Commander,7
2024-03,Wizards Play Network 2012,0
2024-03,Wizards Play Network 2024,0
2024-03,Worldwake,30
2024-03,Zendikar,71
2024-03,Zendikar Rising,39
2024-04,Adventures in the Forgotten Realms,32
2024-04,Aether Revolt,32
2024-04,Aetherdrift,0
2024-04,Aetherdrift Commander,0
2024-04,Alara Reborn,25
2024-04,Alliances,53
2024-04,Amonkhet,13
2024-04,Amonkhet Invocations,0
2024-04,Antiquities,20
2024-04,Apocalypse,25
2024-04,Arabian Nights,0
2024-04,Arena League 2003,0
2024-04,Arena League 2004,11
2024-04,Arena League 2006,0
2024-04,Assassin's Creed,0
2024-04,Avacyn Restored,19
2024-04,Avacyn Restored Promos,0
2024-04,Avatar: The Last Airbender,0
2024-04,Avatar: The Last Airbender Eternal,0
2024-04,Battle for Zendikar,6
2024-04,Battlebond,2
2024-04,Betrayers of Kamigawa,2
2024-04,Bloomburrow,0
2024-04,Bloomburrow Commander,0
2024-04,Born of the Gods,3
2024-04,Champions of Kamigawa,34
2024-04,Coldsnap,7
2024-04,Commander 2011,15
2024-04,Commander 2013,6
2024-04,Commander 2014,5
2024-04,Commander 2015,10
2024-04,Commander 2016,1
2024-04,Commander 2018,18
2024-04,Commander 2019,8
2024-04,Commander 2020,0
2024-04,Commander 2021,14
2024-04,Commander Legends,21
2024-04,Commander Legends: Battle for Baldur's Gate,87
2024-04,Commander Masters,1
2024-04,Conflux,37
2024-04,Conspiracy,5
2024-04,Conspiracy: Take the Crown,15
2024-04,Core Set 2019,7
2024-04,Core Set 2020,19
2024-04,Core Set 2021,7
2024-04,Crimson Vow Commander,0
2024-04,Dark Ascension,13
2024-04,Dark Ascension Promos,1
2024-04,Darksteel,37
2024-04,Dissension,18
2024-04,Doctor Who,8
2024-04,Dominaria,20
2024-04,Dominaria United,55
2024-04,Dominaria United Commander,5
2024-04,Dragon's Maze,3
2024-04,Dragon's Maze Promos,0
2024-04,Dragons of Tarkir,8
2024-04,Duel Decks: Blessed vs. Cursed,0
2024-04,Duel Decks: Izzet vs. Golgari,0
2024-04,Duel Decks: Zendikar vs. Eldrazi,0
2024-04,Duskmourn: House of Horror,0
2024-04,Duskmourn: House of Horror Commander,0
2024-04,Edge of Eternities,0
2024-04,Edge of Eternities Commander,0
2024-04,Eldritch Moon,29
2024-04,Eventide,1
2024-04,Exodus,15
2024-04,Fallen Empires,7
2024-04,Fallout,16
2024-04,Fate Reforged,8
2024-04,Fifth Dawn,34
2024-04,Final Fantasy,0
2024-04,Final Fantasy Commander,0
2024-04,Forgotten Realms Commander,3
2024-04,Foundations,0
2024-04,Foundations Jumpstart,0
2024-04,Friday Night Magic 2003,0
2024-04,Friday Night Magic 2011,0
2024-04,Friday Night Magic 2012,1
2024-04,Friday Night Magic 2013,1
2024-04,Friday Night Magic 2014,0
2024-04,Friday Night Magic 2015,0
2024-04,Friday Night Magic 2016,0
2024-04,Friday Night Magic 2017,17
2024-04,From the Vault: Legends,0
2024-04,Future Sight,43
2024-04,Game Day Promos,3
2024-04,Gatecrash,3
2024-04,Guildpact,10
2024-04,Guilds of Ravnica,14
2024-04,HarperPrism Book Promos,9
2024-04,Homelands,4
2024-04,Hour of Devastation,16
2024-04,Ice Age,71
2024-04,Ikoria: Lair of Behemoths,9
2024-04,Innistrad,33
2024-04,Innistrad: Crimson Vow,28
2024-04,Innistrad: Midnight Hunt,73
2024-04,Invasion,20
2024-04,Ixalan,7
2024-04,Journey into Nyx,3
2024-04,Journey into Nyx Promos,0
2024-04,Judge Gift Cards 1998,0
2024-04,Judgment,17
2024-04,Jumpstart,2
2024-04,Jumpstart 2022,1
2024-04,Jurassic World Collection,4
2024-04,Kaladesh,13
2024-04,Kaladesh Inventions,5
2024-04,Kaldheim,19
2024-04,Kamigawa: Neon Dynasty,45
2024-04,Khans of Tarkir,26
2024-04,Legends,30
2024-04,Legions,1
2024-04,Limited Edition Alpha,301
2024-04,Limited Edition Beta,0
2024-04,Lorwyn,78
2024-04,Lorwyn Eclipsed,0
2024-04,Lorwyn Eclipsed Commander,0
2024-04,Lorwyn Promos,0
2024-04,MTG Arena Promos,0
2024-04,Magic 2010,8
2024-04,Magic 2010 Promos,0
2024-04,Magic 2011,40
2024-04,Magic 2011 Promos,2
2024-04,Magic 2012,0
2024-04,Magic 2013,8
2024-04,Magic 2014,13
2024-04,Magic 2015,1
2024-04,Magic 2015 Promos,6
2024-04,Magic Origins,3
2024-04,MagicFest 2025,0
2024-04,March of the Machine,26
2024-04,March of the Machine Commander,8
2024-04,March of the Machine: The Aftermath,10
2024-04,Mercadian Masques,16
2024-04,Mirage,63
2024-04,Mirrodin,105
2024-04,Mirrodin Besieged,19
2024-04,Mirrodin Besieged Promos,0
2024-04,Modern Horizons,148
2024-04,Modern Horizons 2,287
2024-04,Modern Horizons 3,0
2024-04,Modern Horizons 3 Commander,0
2024-04,Morningtide,9
2024-04,Murders at Karlov Manor,55
2024-04,Murders at Karlov Manor Commander,0
2024-04,Nemesis,18
2024-04,Neon Dynasty Commander,5
2024-04,New Capenna Commander,5
2024-04,New Phyrexia,83
2024-04,New Phyrexia Promos,3
2024-04,Oath of the Gatewatch,1
2024-04,Odyssey,44
2024-04,Onslaught,17
2024-04,Outlaws of Thunder Junction,24
2024-04,Outlaws of Thunder Junction Commander,1
2024-04,Phyrexia: All Will Be One,43
2024-04,Phyrexia: All Will Be One Commander,3
2024-04,Planar Chaos,4
2024-04,Planechase 2012,2
2024-04,Planeshift,14
2024-04,Portal,11
2024-04,Portal Second Age,17
2024-04,Portal Three Kingdoms,10
2024-04,Prophecy,5
2024-04,Ravnica Allegiance,14
2024-04,Ravnica: City of Guilds,57
2024-04,Ravnica: Clue Edition,8
2024-04,Return to Ravnica,31
2024-04,Return to Ravnica Promos,5
2024-04,Rise of the Eldrazi,63
2024-04,Rivals of Ixalan,4
2024-04,Salvat 2005,4
2024-04,San Diego Comic-Con 2013,0
2024-04,San Diego Comic-Con 2015,5
2024-04,Saviors of Kamigawa,1
2024-04,Scars of Mirrodin,27
2024-04,Scars of Mirrodin Promos,0
2024-04,Scourge,26
2024-04,Secret Lair Drop,3
2024-04,Shadowmoor,10
2024-04,Shadows over Innistrad,13
2024-04,Shards of Alara,20
2024-04,Spotlight Series,0
2024-04,Starter 1999,5
2024-04,Streets of New Capenna,11
2024-04,Streets of New Capenna Promos,19
2024-04,Strixhaven Mystical Archive,0
2024-04,Strixhaven: School of Mages,30
2024-04,Stronghold,39
2024-04,Tales of Middle-earth Commander,28
2024-04,Tarkir: Dragonstorm,0
2024-04,Tarkir: Dragonstorm Commander,0
2024-04,Teenage Mutant Ninja Turtles,0
2024-04,Teenage Mutant Ninja Turtles Eternal,0
2024-04,Tempest,63
2024-04,The Big Score,4
2024-04,The Brothers' War,29
2024-04,The Brothers' War Commander,0
2024-04,The Dark,19
2024-04,The List,1
2024-04,The Lord of the Rings: Tales of Middle-earth,179
2024-04,The Lost Caverns of Ixalan,85
2024-04,The Lost Caverns of Ixalan Commander,18
2024-04,Theros,8
2024-04,Theros Beyond Death,52
2024-04,Theros Promos,3
2024-04,Throne of Eldraine,81
2024-04,Through the Omenpaths,0
2024-04,Time Spiral,9
2024-04,Time Spiral Promos,0
2024-04,Torment,6
2024-04,Transformers,1
2024-04,Treasure Chest,2
2024-04,Ugin's Fate,2
2024-04,Unfinity,14
2024-04,Urza's Destiny,0
2024-04,Urza's Legacy,63
2024-04,Urza's Saga,72
2024-04,Visions,36
2024-04,War of the Spark,64
2024-04,"Warhammer 40,000 Commander",26
2024-04,Weatherlight,11
2024-04,Wilds of Eldraine,41
2024-04,Wilds of Eldraine Commander,5
2024-04,Wizards Play Network 2012,0
2024-04,Wizards Play Network 2024,0
2024-04,Worldwake,23
2024-04,Zendikar,64
2024-04,Zendikar Rising,24
2024-05,Adventures in the Forgotten Realms,27
2024-05,Aether Revolt,28
2024-05,Aetherdrift,0
2024-05,Aetherdrift Commander,0
2024-05,Alara Reborn,13
2024-05,Alliances,67
2024-05,Amonkhet,28
2024-05,Amonkhet Invocations,0
2024-05,Antiquities,6
2024-05,Apocalypse,45
2024-05,Arabian Nights,0
2024-05,Arena League 2003,0
2024-05,Arena League 2004,24
2024-05,Arena League 2006,1
2024-05,Assassin's Creed,0
2024-05,Avacyn Restored,22
2024-05,Avacyn Restored Promos,0
2024-05,Avatar: The Last Airbender,0
2024-05,Avatar: The Last Airbender Eternal,0
2024-05,Battle for Zendikar,2
2024-05,Battlebond,1
2024-05,Betrayers of Kamigawa,6
2024-05,Bloomburrow,0
2024-05,Bloomburrow Commander,0
2024-05,Born of the Gods,10
2024-05,Champions of Kamigawa,21
2024-05,Coldsnap,11
2024-05,Commander 2011,24
2024-05,Commander 2013,7
2024-05,Commander 2014,12
2024-05,Commander 2015,20
2024-05,Commander 2016,2
2024-05,Commander 2018,8
2024-05,Commander 2019,8
2024-05,Commander 2020,2
2024-05,Commander 2021,25
2024-05,Commander Legends,32
2024-05,Commander Legends: Battle for Baldur's Gate,166
2024-05,Commander Masters,0
2024-05,Conflux,52
2024-05,Conspiracy,3
2024-05,Conspiracy: Take the Crown,37
2024-05,Core Set 2019,9
2024-05,Core Set 2020,11
2024-05,Core Set 2021,4
2024-05,Crimson Vow Commander,0
2024-05,Dark Ascension,46
2024-05,Dark Ascension Promos,0
2024-05,Darksteel,58
2024-05,Dissension,30
2024-05,Doctor Who,7
2024-05,Dominaria,18
2024-05,Dominaria United,96
2024-05,Dominaria United Commander,1
2024-05,Dragon's Maze,1
2024-05,Dragon's Maze Promos,0
2024-05,Dragons of Tarkir,12
2024-05,Duel Decks: Blessed vs. Cursed,0
2024-05,Duel Decks: Izzet vs. Golgari,1
2024-05,Duel Decks: Zendikar vs. Eldrazi,0
2024-05,Duskmourn: House of Horror,0
2024-05,Duskmourn: House of Horror Commander,0
2024-05,Edge of Eternities,0
2024-05,Edge of Eternities Commander,0
2024-05,Eldritch Moon,67
2024-05,Eventide,3
2024-05,Exodus,40
2024-05,Fallen Empires,12
2024-05,Fallout,32
2024-05,Fate Reforged,21
2024-05,Fifth Dawn,26
2024-05,Final Fantasy,0
2024-05,Final Fantasy Commander,0
2024-05,Forgotten Realms Commander,5
2024-05,Foundations,0
2024-05,Foundations Jumpstart,0
2024-05,Friday Night Magic 2003,0
2024-05,Friday Night Magic 2011,0
2024-05,Friday Night Magic 2012,1
2024-05,Friday Night Magic 2013,3
2024-05,Friday Night Magic 2014,0
2024-05,Friday Night Magic 2015,0
2024-05,Friday Night Magic 2016,0
2024-05,Friday Night Magic 2017,39
2024-05,From the Vault: Legends,0
2024-05,Future Sight,64
2024-05,Game Day Promos,13
2024-05,Gatecrash,3
2024-05,Guildpact,3
2024-05,Guilds of Ravnica,27
2024-05,HarperPrism Book Promos,24
2024-05,Homelands,13
2024-05,Hour of Devastation,25
2024-05,Ice Age,95
2024-05,Ikoria: Lair of Behemoths,29
2024-05,Innistrad,48
2024-05,Innistrad: Crimson Vow,47
2024-05,Innistrad: Midnight Hunt,147
2024-05,Invasion,36
2024-05,Ixalan,11
2024-05,Journey into Nyx,8
2024-05,Journey into Nyx Promos,0
2024-05,Judge Gift Cards 1998,0
2024-05,Judgment,32
2024-05,Jumpstart,5
2024-05,Jumpstart 2022,1
2024-05,Jurassic World Collection,4
2024-05,Kaladesh,23
2024-05,Kaladesh Inventions,1
2024-05,Kaldheim,30
2024-05,Kamigawa: Neon Dynasty,83
2024-05,Khans of Tarkir,47
2024-05,Legends,65
2024-05,Legions,6
2024-05,Limited Edition Alpha,395
2024-05,Limited Edition Beta,0
2024-05,Lorwyn,106
2024-05,Lorwyn Eclipsed,0
2024-05,Lorwyn Eclipsed Commander,0
2024-05,Lorwyn Promos,2
2024-05,MTG Arena Promos,0
2024-05,Magic 2010,12
2024-05,Magic 2010 Promos,0
2024-05,Magic 2011,53
2024-05,Magic 2011 Promos,1
2024-05,Magic 2012,2
2024-05,Magic 2013,11
2024-05,Magic 2014,26
2024-05,Magic 2015,0
2024-05,Magic 2015 Promos,11
2024-05,Magic Origins,8
2024-05,MagicFest 2025,0
2024-05,March of the Machine,51
2024-05,March of the Machine Commander,19
2024-05,March of the Machine: The Aftermath,15
2024-05,Mercadian Masques,27
2024-05,Mirage,59
2024-05,Mirrodin,74
2024-05,Mirrodin Besieged,25
2024-05,Mirrodin Besieged Promos,0
2024-05,Modern Horizons,164
2024-05,Modern Horizons 2,461
2024-05,Modern Horizons 3,0
2024-05,Modern Horizons 3 Commander,0
2024-05,Morningtide,10
2024-05,Murders at Karlov Manor,59
2024-05,Murders at Karlov Manor Commander,0
2024-05,Nemesis,41
2024-05,Neon Dynasty Commander,1
2024-05,New Capenna Commander,7
2024-05,New Phyrexia,109
2024-05,New Phyrexia Promos,0
2024-05,Oath of the Gatewatch,3
2024-05,Odyssey,45
2024-05,Onslaught,15
2024-05,Outlaws of Thunder Junction,83
2024-05,Outlaws of Thunder Junction Commander,4
2024-05,Phyrexia: All Will Be One,66
2024-05,Phyrexia: All Will Be One Commander,5
2024-05,Planar Chaos,5
2024-05,Planechase 2012,11
2024-05,Planeshift,8
2024-05,Portal,11
2024-05,Portal Second Age,31
2024-05,Portal Three Kingdoms,12
2024-05,Prophecy,3
2024-05,Ravnica Allegiance,26
2024-05,Ravnica: City of Guilds,81
2024-05,Ravnica: Clue Edition,19
2024-05,Return to Ravnica,56
2024-05,Return to Ravnica Promos,12
2024-05,Rise of the Eldrazi,111
2024-05,Rivals of Ixalan,5
2024-05,Salvat 2005,2
2024-05,San Diego Comic-Con 2013,0
2024-05,San Diego Comic-Con 2015,11
2024-05,Saviors of Kamigawa,1
2024-05,Scars of Mirrodin,26
2024-05,Scars of Mirrodin Promos,0
2024-05,Scourge,31
2024-05,Secret Lair Drop,3
2024-05,Shadowmoor,12
2024-05,Shadows over Innistrad,19
2024-05,Shards of Alara,23
2024-05,Spotlight Series,0
2024-05,Starter 1999,5
2024-05,Streets of New Capenna,15
2024-05,Streets of New Capenna Promos,40
2024-05,Strixhaven Mystical Archive,1
2024-05,Strixhaven: School of Mages,52
2024-05,Stronghold,44
2024-05,Tales of Middle-earth Commander,50
2024-05,Tarkir: Dragonstorm,0
2024-05,Tarkir: Dragonstorm Commander,0
2024-05,Teenage Mutant Ninja Turtles,0
2024-05,Teenage Mutant Ninja Turtles Eternal,0
2024-05,Tempest,70
2024-05,The Big Score,15
2024-05,The Brothers' War,56
2024-05,The Brothers' War Commander,0
2024-05,The Dark,23
2024-05,The List,0
2024-05,The Lord of the Rings: Tales of Middle-earth,248
2024-05,The Lost Caverns of Ixalan,143
2024-05,The Lost Caverns of Ixalan Commander,29
2024-05,Theros,15
2024-05,Theros Beyond Death,78
2024-05,Theros Promos,2
2024-05,Throne of Eldraine,128
2024-05,Through the Omenpaths,0
2024-05,Time Spiral,10
2024-05,Time Spiral Promos,0
2024-05,Torment,10
2024-05,Transformers,1
2024-05,Treasure Chest,10
2024-05,Ugin's Fate,0
2024-05,Unfinity,20
2024-05,Urza's Destiny,0
2024-05,Urza's Legacy,51
2024-05,Urza's Saga,71
2024-05,Visions,53
2024-05,War of the Spark,74
2024-05,"Warhammer 40,000 Commander",39
2024-05,Weatherlight,9
2024-05,Wilds of Eldraine,64
2024-05,Wilds of Eldraine Commander,3
2024-05,Wizards Play Network 2012,0
2024-05,Wizards Play Network 2024,0
2024-05,Worldwake,39
2024-05,Zendikar,80
2024-05,Zendikar Rising,59
2024-06,Adventures in the Forgotten Realms,19
2024-06,Aether Revolt,23
2024-06,Aetherdrift,0
2024-06,Aetherdrift Commander,0
2024-06,Alara Reborn,15
2024-06,Alliances,54
2024-06,Amonkhet,16
2024-06,Amonkhet Invocations,0
2024-06,Antiquities,14
2024-06,Apocalypse,38
2024-06,Arabian Nights,0
2024-06,Arena League 2003,0
2024-06,Arena League 2004,20
2024-06,Arena League 2006,3
2024-06,Assassin's Creed,0
2024-06,Avacyn Restored,25
2024-06,Avacyn Restored Promos,3
2024-06,Avatar: The Last Airbender,0
2024-06,Avatar: The Last Airbender Eternal,0
2024-06,Battle for Zendikar,6
2024-06,Battlebond,9
2024-06,Betrayers of Kamigawa,12
2024-06,Bloomburrow,0
2024-06,Bloomburrow Commander,0
2024-06,Born of the Gods,9
2024-06,Champions of Kamigawa,25
2024-06,Coldsnap,15
2024-06,Commander 2011,25
2024-06,Commander 2013,7
2024-06,Commander 2014,7
2024-06,Commander 2015,14
2024-06,Commander 2016,1
2024-06,Commander 2018,11
2024-06,Commander 2019,10
2024-06,Commander 2020,0
2024-06,Commander 2021,18
2024-06,Commander Legends,45
2024-06,Commander Legends: Battle for Baldur's Gate,154
2024-06,Commander Masters,2
2024-06,Conflux,60
2024-06,Conspiracy,4
2024-06,Conspiracy: Take the Crown,28
2024-06,Core Set 2019,8
2024-06,Core Set 2020,20
2024-06,Core Set 2021,6
2024-06,Crimson Vow Commander,0
2024-06,Dark Ascension,28
2024-06,Dark Ascension Promos,0
2024-06,Darksteel,42
2024-06,Dissension,28
2024-06,Doctor Who,3
2024-06,Dominaria,11
2024-06,Dominaria United,50
2024-06,Dominaria United Commander,6
2024-06,Dragon's Maze,2
2024-06,Dragon's Maze Promos,0
2024-06,Dragons of Tarkir,5
2024-06,Duel Decks: Blessed vs. Cursed,1
2024-06,Duel Decks: Izzet vs. Golgari,1
2024-06,Duel Decks: Zendikar vs. Eldrazi,0
2024-06,Duskmourn: House of Horror,0
2024-06,Duskmourn: House of Horror Commander,0
2024-06,Edge of Eternities,0
2024-06,Edge of Eternities Commander,0
2024-06,Eldritch Moon,50
2024-06,Eventide,3
2024-06,Exodus,20
2024-06,Fallen Empires,9
2024-06,Fallout,14
2024-06,Fate Reforged,10
2024-06,Fifth Dawn,28
2024-06,Final Fantasy,0
2024-06,Final Fantasy Commander,0
2024-06,Forgotten Realms Commander,2
2024-06,Foundations,0
2024-06,Foundations Jumpstart,0
2024-06,Friday Night Magic 2003,0
2024-06,Friday Night Magic 2011,0
2024-06,Friday Night Magic 2012,3
2024-06,Friday Night Magic 2013,1
2024-06,Friday Night Magic 2014,0
2024-06,Friday Night Magic 2015,0
2024-06,Friday Night Magic 2016,0
2024-06,Friday Night Magic 2017,30
2024-06,From the Vault: Legends,0
2024-06,Future Sight,58
2024-06,Game Day Promos,4
2024-06,Gatecrash,4
2024-06,Guildpact,6
2024-06,Guilds of Ravnica,30
2024-06,HarperPrism Book Promos,10
2024-06,Homelands,23
2024-06,Hour of Devastation,21
2024-06,Ice Age,86
2024-06,Ikoria: Lair of Behemoths,13
2024-06,Innistrad,55
2024-06,Innistrad: Crimson Vow,19
2024-06,Innistrad: Midnight Hunt,82
2024-06,Invasion,33
2024-06,Ixalan,14
2024-06,Journey into Nyx,7
2024-06,Journey into Nyx Promos,0
2024-06,Judge Gift Cards 1998,0
2024-06,Judgment,18
2024-06,Jumpstart,4
2024-06,Jumpstart 2022,2
2024-06,Jurassic World Collection,1
2024-06,Kaladesh,12
2024-06,Kaladesh Inventions,4
2024-06,Kaldheim,22
2024-06,Kamigawa: Neon Dynasty,93
2024-06,Khans of Tarkir,37
2024-06,Legends,58
2024-06,Legions,4
2024-06,Limited Edition Alpha,404
2024-06,Limited Edition Beta,0
2024-06,Lorwyn,97
2024-06,Lorwyn Eclipsed,0
2024-06,Lorwyn Eclipsed Commander,0
2024-06,Lorwyn Promos,1
2024-06,MTG Arena Promos,0
2024-06,Magic 2010,7
2024-06,Magic 2010 Promos,0
2024-06,Magic 2011,50
2024-06,Magic 2011 Promos,0
2024-06,Magic 2012,4
2024-06,Magic 2013,8
2024-06,Magic 2014,19
2024-06,Magic 2015,0
2024-06,Magic 2015 Promos,6
2024-06,Magic Origins,6
2024-06,MagicFest 2025,0
2024-06,March of the Machine,30
2024-06,March of the Machine Commander,9
2024-06,March of the Machine: The Aftermath,10
2024-06,Mercadian Masques,17
2024-06,Mirage,57
2024-06,Mirrodin,81
2024-06,Mirrodin Besieged,31
2024-06,Mirrodin Besieged Promos,1
2024-06,Modern Horizons,177
2024-06,Modern Horizons 2,443
2024-06,Modern Horizons 3,218
2024-06,Modern Horizons 3 Commander,30
2024-06,Morningtide,16
2024-06,Murders at Karlov Manor,58
2024-06,Murders at Karlov Manor Commander,0
2024-06,Nemesis,35
2024-06,Neon Dynasty Commander,4
2024-06,New Capenna Commander,1
2024-06,New Phyrexia,98
2024-06,New Phyrexia Promos,1
2024-06,Oath of the Gatewatch,5
2024-06,Odyssey,31
2024-06,Onslaught,13
2024-06,Outlaws of Thunder Junction,53
2024-06,Outlaws of Thunder Junction Commander,3
2024-06,Phyrexia: All Will Be One,44
2024-06,Phyrexia: All Will Be One Commander,2
2024-06,Planar Chaos,7
2024-06,Planechase 2012,12
2024-06,Planeshift,17
2024-06,Portal,6
2024-06,Portal Second Age,25
2024-06,Portal Three Kingdoms,10
2024-06,Prophecy,1
2024-06,Ravnica Allegiance,18
2024-06,Ravnica: City of Guilds,76
2024-06,Ravnica: Clue Edition,10
2024-06,Return to Ravnica,77
2024-06,Return to Ravnica Promos,6
2024-06,Rise of the Eldrazi,92
2024-06,Rivals of Ixalan,8
2024-06,Salvat 2005,2
2024-06,San Diego Comic-Con 2013,0
2024-06,San Diego Comic-Con 2015,9
2024-06,Saviors of Kamigawa,0
2024-06,Scars of Mirrodin,25
2024-06,Scars of Mirrodin Promos,0
2024-06,Scourge,30
2024-06,Secret Lair Drop,1
2024-06,Shadowmoor,10
2024-06,Shadows over Innistrad,18
2024-06,Shards of Alara,21
2024-06,Spotlight Series,0
2024-06,Starter 1999,3
2024-06,Streets of New Capenna,8
2024-06,Streets of New Capenna Promos,25
2024-06,Strixhaven Mystical Archive,0
2024-06,Strixhaven: School of Mages,58
2024-06,Stronghold,57
2024-06,Tales of Middle-earth Commander,39
2024-06,Tarkir: Dragonstorm,0
2024-06,Tarkir: Dragonstorm Commander,0
2024-06,Teenage Mutant Ninja Turtles,0
2024-06,Teenage Mutant Ninja Turtles Eternal,0
2024-06,Tempest,58
2024-06,The Big Score,9
2024-06,The Brothers' War,50
2024-06,The Brothers' War Commander,0
2024-06,The Dark,11
2024-06,The List,0
2024-06,The Lord of the Rings: Tales of Middle-earth,234
2024-06,The Lost Caverns of Ixalan,114
2024-06,The Lost Caverns of Ixalan Commander,25
2024-06,Theros,11
2024-06,Theros Beyond Death,81
2024-06,Theros Promos,7
2024-06,Throne of Eldraine,132
2024-06,Through the Omenpaths,0
2024-06,Time Spiral,9
2024-06,Time Spiral Promos,0
2024-06,Torment,4
2024-06,Transformers,1
2024-06,Treasure Chest,5
2024-06,Ugin's Fate,2
2024-06,Unfinity,24
2024-06,Urza's Destiny,2
2024-06,Urza's Legacy,75
2024-06,Urza's Saga,65
2024-06,Visions,29
2024-06,War of the Spark,85
2024-06,"Warhammer 40,000 Commander",46
2024-06,Weatherlight,6
2024-06,Wilds of Eldraine,45
2024-06,Wilds of Eldraine Commander,2
2024-06,Wizards Play Network 2012,0
2024-06,Wizards Play Network 2024,0
2024-06,Worldwake,45
2024-06,Zendikar,65
2024-06,Zendikar Rising,40
2024-07,Adventures in the Forgotten Realms,8
2024-07,Aether Revolt,17
2024-07,Aetherdrift,0
2024-07,Aetherdrift Commander,0
2024-07,Alara Reborn,13
2024-07,Alliances,37
2024-07,Amonkhet,11
2024-07,Amonkhet Invocations,0
2024-07,Antiquities,11
2024-07,Apocalypse,33
2024-07,Arabian Nights,0
2024-07,Arena League 2003,0
2024-07,Arena League 2004,8
2024-07,Arena League 2006,2
2024-07,Assassin's Creed,4
2024-07,Avacyn Restored,10
2024-07,Avacyn Restored Promos,1
2024-07,Avatar: The Last Airbender,0
2024-07,Avatar: The Last Airbender Eternal,0
2024-07,Battle for Zendikar,8
2024-07,Battlebond,5
2024-07,Betrayers of Kamigawa,11
2024-07,Bloomburrow,2
2024-07,Bloomburrow Commander,2
2024-07,Born of the Gods,3
2024-07,Champions of Kamigawa,13
2024-07,Coldsnap,20
2024-07,Commander 2011,9
2024-07,Commander 2013,5
2024-07,Commander 2014,5
2024-07,Commander 2015,7
2024-07,Commander 2016,0
2024-07,Commander 2018,9
2024-07,Commander 2019,8
2024-07,Commander 2020,1
2024-07,Commander 2021,15
2024-07,Commander Legends,35
2024-07,Commander Legends: Battle for Baldur's Gate,92
2024-07,Commander Masters,3
2024-07,Conflux,45
2024-07,Conspiracy,3
2024-07,Conspiracy: Take the Crown,20
2024-07,Core Set 2019,6
2024-07,Core Set 2020,12
2024-07,Core Set 2021,5
2024-07,Crimson Vow Commander,0
2024-07,Dark Ascension,19
2024-07,Dark Ascension Promos,0
2024-07,Darksteel,27
2024-07,Dissension,20
2024-07,Doctor Who,3
2024-07,Dominaria,9
2024-07,Dominaria United,33
2024-07,Dominaria United Commander,6
2024-07,Dragon's Maze,4
2024-07,Dragon's Maze Promos,0
2024-07,Dragons of Tarkir,4
2024-07,Duel Decks: Blessed vs. Cursed,0
2024-07,Duel Decks: Izzet vs. Golgari,0
2024-07,Duel Decks: Zendikar vs. Eldrazi,0
2024-07,Duskmourn: House of Horror,0
2024-07,Duskmourn: House of Horror Commander,0
2024-07,Edge of Eternities,0
2024-07,Edge of Eternities Commander,0
2024-07,Eldritch Moon,29
2024-07,Eventide,0
2024-07,Exodus,13
2024-07,Fallen Empires,5
2024-07,Fallout,15
2024-07,Fate Reforged,5
2024-07,Fifth Dawn,26
2024-07,Final Fantasy,0
2024-07,Final Fantasy Commander,0
2024-07,Forgotten Realms Commander,0
2024-07,Foundations,0
2024-07,Foundations Jumpstart,0
2024-07,Friday Night Magic 2003,0
2024-07,Friday Night Magic 2011,0
2024-07,Friday Night Magic 2012,2
2024-07,Friday Night Magic 2013,0
2024-07,Friday Night Magic 2014,0
2024-07,Friday Night Magic 2015,0
2024-07,Friday Night Magic 2016,0
2024-07,Friday Night Magic 2017,31
2024-07,From the Vault: Legends,0
2024-07,Future Sight,34
2024-07,Game Day Promos,6
2024-07,Gatecrash,5
2024-07,Guildpact,5
2024-07,Guilds of Ravnica,24
2024-07,HarperPrism Book Promos,7
2024-07,Homelands,6
2024-07,Hour of Devastation,6
2024-07,Ice Age,60
2024-07,Ikoria: Lair of Behemoths,18
2024-07,Innistrad,31
2024-07,Innistrad: Crimson Vow,15
2024-07,Innistrad: Midnight Hunt,42
2024-07,Invasion,19
2024-07,Ixalan,4
2024-07,Journey into Nyx,3
2024-07,Journey into Nyx Promos,0
2024-07,Judge Gift Cards 1998,0
2024-07,Judgment,6
2024-07,Jumpstart,1
2024-07,Jumpstart 2022,1
2024-07,Jurassic World Collection,1
2024-07,Kaladesh,6
2024-07,Kaladesh Inventions,6
2024-07,Kaldheim,9
2024-07,Kamigawa: Neon Dynasty,57
2024-07,Khans of Tarkir,24
2024-07,Legends,28
2024-07,Legions,1
2024-07,Limited Edition Alpha,279
2024-07,Limited Edition Beta,0
2024-07,Lorwyn,69
2024-07,Lorwyn Eclipsed,0
2024-07,Lorwyn Eclipsed Commander,0
2024-07,Lorwyn Promos,0
2024-07,MTG Arena Promos,0
2024-07,Magic 2010,2
2024-07,Magic 2010 Promos,0
2024-07,Magic 2011,35
2024-07,Magic 2011 Promos,1
2024-07,Magic 2012,5
2024-07,Magic 2013,6
2024-07,Magic 2014,6
2024-07,Magic 2015,0
2024-07,Magic 2015 Promos,4
2024-07,Magic Origins,1
2024-07,MagicFest 2025,0
2024-07,March of the Machine,16
2024-07,March of the Machine Commander,10
2024-07,March of the Machine: The Aftermath,7
2024-07,Mercadian Masques,17
2024-07,Mirage,36
2024-07,Mirrodin,76
2024-07,Mirrodin Besieged,13
2024-07,Mirrodin Besieged Promos,0
2024-07,Modern Horizons,116
2024-07,Modern Horizons 2,284
2024-07,Modern Horizons 3,259
2024-07,Modern Horizons 3 Commander,44
2024-07,Morningtide,2
2024-07,Murders at Karlov Manor,29
2024-07,Murders at Karlov Manor Commander,1
2024-07,Nemesis,17
2024-07,Neon Dynasty Commander,5
2024-07,New Capenna Commander,1
2024-07,New Phyrexia,79
2024-07,New Phyrexia Promos,5
2024-07,Oath of the Gatewatch,3
2024-07,Odyssey,20
2024-07,Onslaught,9
2024-07,Outlaws of Thunder Junction,37
2024-07,Outlaws of Thunder Junction Commander,1
2024-07,Phyrexia: All Will Be One,27
2024-07,Phyrexia: All Will Be One Commander,6
2024-07,Planar Chaos,4
2024-07,Planechase 2012,12
2024-07,Planeshift,17
2024-07,Portal,4
2024-07,Portal Second Age,16
2024-07,Portal Three Kingdoms,7
2024-07,Prophecy,1
2024-07,Ravnica Allegiance,7
2024-07,Ravnica: City of Guilds,37
2024-07,Ravnica: Clue Edition,11
2024-07,Return to Ravnica,54
2024-07,Return to Ravnica Promos,7
2024-07,Rise of the Eldrazi,62
2024-07,Rivals of Ixalan,2
2024-07,Salvat 2005,0
2024-07,San Diego Comic-Con 2013,0
2024-07,San Diego Comic-Con 2015,4
2024-07,Saviors of Kamigawa,0
2024-07,Scars of Mirrodin,24
2024-07,Scars of Mirrodin Promos,0
2024-07,Scourge,10
2024-07,Secret Lair Drop,0
2024-07,Shadowmoor,2
2024-07,Shadows over Innistrad,9
2024-07,Shards of Alara,21
2024-07,Spotlight Series,0
2024-07,Starter 1999,1
2024-07,Streets of New Capenna,2
2024-07,Streets of New Capenna Promos,20
2024-07,Strixhaven Mystical Archive,0
2024-07,Strixhaven: School of Mages,31
2024-07,Stronghold,43
2024-07,Tales of Middle-earth Commander,29
2024-07,Tarkir: Dragonstorm,0
2024-07,Tarkir: Dragonstorm Commander,0
2024-07,Teenage Mutant Ninja Turtles,0
2024-07,Teenage Mutant Ninja Turtles Eternal,0
2024-07,Tempest,41
2024-07,The Big Score,9
2024-07,The Brothers' War,36
2024-07,The Brothers' War Commander,1
2024-07,The Dark,6
2024-07,The List,3
2024-07,The Lord of the Rings: Tales of Middle-earth,165
2024-07,The Lost Caverns of Ixalan,88
2024-07,The Lost Caverns of Ixalan Commander,16
2024-07,Theros,5
2024-07,Theros Beyond Death,73
2024-07,Theros Promos,4
2024-07,Throne of Eldraine,80
2024-07,Through the Omenpaths,0
2024-07,Time Spiral,10
2024-07,Time Spiral Promos,1
2024-07,Torment,3
2024-07,Transformers,0
2024-07,Treasure Chest,2
2024-07,Ugin's Fate,4
2024-07,Unfinity,16
2024-07,Urza's Destiny,1
2024-07,Urza's Legacy,63
2024-07,Urza's Saga,44
2024-07,Visions,18
2024-07,War of the Spark,62
2024-07,"Warhammer 40,000 Commander",21
2024-07,Weatherlight,9
2024-07,Wilds of Eldraine,23
2024-07,Wilds of Eldraine Commander,1
2024-07,Wizards Play Network 2012,0
2024-07,Wizards Play Network 2024,1
2024-07,Worldwake,23
2024-07,Zendikar,48
2024-07,Zendikar Rising,18
2024-08,Adventures in the Forgotten Realms,6
2024-08,Aether Revolt,11
2024-08,Aetherdrift,0
2024-08,Aetherdrift Commander,0
2024-08,Alara Reborn,2
2024-08,Alliances,45
2024-08,Amonkhet,9
2024-08,Amonkhet Invocations,0
2024-08,Antiquities,5
2024-08,Apocalypse,39
2024-08,Arabian Nights,0
2024-08,Arena League 2003,0
2024-08,Arena League 2004,24
2024-08,Arena League 2006,1
2024-08,Assassin's Creed,8
2024-08,Avacyn Restored,21
2024-08,Avacyn Restored Promos,0
2024-08,Avatar: The Last Airbender,0
2024-08,Avatar: The Last Airbender Eternal,0
2024-08,Battle for Zendikar,1
2024-08,Battlebond,5
2024-08,Betrayers of Kamigawa,9
2024-08,Bloomburrow,30
2024-08,Bloomburrow Commander,1
2024-08,Born of the Gods,4
2024-08,Champions of Kamigawa,16
2024-08,Coldsnap,21
2024-08,Commander 2011,17
2024-08,Commander 2013,2
2024-08,Commander 2014,2
2024-08,Commander 2015,9
2024-08,Commander 2016,1
2024-08,Commander 2018,4
2024-08,Commander 2019,14
2024-08,Commander 2020,0
2024-08,Commander 2021,12
2024-08,Commander Legends,30
2024-08,Commander Legends: Battle for Baldur's Gate,75
2024-08,Commander Masters,0
2024-08,Conflux,47
2024-08,Conspiracy,1
2024-08,Conspiracy: Take the Crown,19
2024-08,Core Set 2019,2
2024-08,Core Set 2020,5
2024-08,Core Set 2021,2
2024-08,Crimson Vow Commander,0
2024-08,Dark Ascension,24
2024-08,Dark Ascension Promos,1
2024-08,Darksteel,27
2024-08,Dissension,28
2024-08,Doctor Who,8
2024-08,Dominaria,9
2024-08,Dominaria United,39
2024-08,Dominaria United Commander,2
2024-08,Dragon's Maze,6
2024-08,Dragon's Maze Promos,0
2024-08,Dragons of Tarkir,6
2024-08,Duel Decks: Blessed vs. Cursed,0
2024-08,Duel Decks: Izzet vs. Golgari,0
2024-08,Duel Decks: Zendikar vs. Eldrazi,0
2024-08,Duskmourn: House of Horror,0
2024-08,Duskmourn: House of Horror Commander,1
2024-08,Edge of Eternities,0
2024-08,Edge of Eternities Commander,0
2024-08,Eldritch Moon,27
2024-08,Eventide,1
2024-08,Exodus,11
2024-08,Fallen Empires,6
2024-08,Fallout,18
2024-08,Fate Reforged,6
2024-08,Fifth Dawn,26
2024-08,Final Fantasy,0
2024-08,Final Fantasy Commander,0
2024-08,Forgotten Realms Commander,0
2024-08,Foundations,0
2024-08,Foundations Jumpstart,0
2024-08,Friday Night Magic 2003,0
2024-08,Friday Night Magic 2011,0
2024-08,Friday Night Magic 2012,3
2024-08,Friday Night Magic 2013,1
2024-08,Friday Night Magic 2014,1
2024-08,Friday Night Magic 2015,0
2024-08,Friday Night Magic 2016,0
2024-08,Friday Night Magic 2017,38
2024-08,From the Vault: Legends,0
2024-08,Future Sight,38
2024-08,Game Day Promos,3
2024-08,Gatecrash,4
2024-08,Guildpact,0
2024-08,Guilds of Ravnica,19
2024-08,HarperPrism Book Promos,6
2024-08,Homelands,18
2024-08,Hour of Devastation,5
2024-08,Ice Age,70
2024-08,Ikoria: Lair of Behemoths,14
2024-08,Innistrad,43
2024-08,Innistrad: Crimson Vow,14
2024-08,Innistrad: Midnight Hunt,66
2024-08,Invasion,30
2024-08,Ixalan,4
2024-08,Journey into Nyx,2
2024-08,Journey into Nyx Promos,2
2024-08,Judge Gift Cards 1998,0
2024-08,Judgment,21
2024-08,Jumpstart,0
2024-08,Jumpstart 2022,1
2024-08,Jurassic World Collection,0
2024-08,Kaladesh,16
2024-08,Kaladesh Inventions,1
2024-08,Kaldheim,3
2024-08,Kamigawa: Neon Dynasty,68
2024-08,Khans of Tarkir,44
2024-08,Legends,30
2024-08,Legions,0
2024-08,Limited Edition Alpha,297
2024-08,Limited Edition Beta,0
2024-08,Lorwyn,96
2024-08,Lorwyn Eclipsed,0
2024-08,Lorwyn Eclipsed Commander,0
2024-08,Lorwyn Promos,0
2024-08,MTG Arena Promos,1
2024-08,Magic 2010,2
2024-08,Magic 2010 Promos,0
2024-08,Magic 2011,47
2024-08,Magic 2011 Promos,0
2024-08,Magic 2012,1
2024-08,Magic 2013,3
2024-08,Magic 2014,8
2024-08,Magic 2015,0
2024-08,Magic 2015 Promos,5
2024-08,Magic Origins,1
2024-08,MagicFest 2025,0
2024-08,March of the Machine,17
2024-08,March of the Machine Commander,8
2024-08,March of the Machine: The Aftermath,11
2024-08,Mercadian Masques,15
2024-08,Mirage,52
2024-08,Mirrodin,40
2024-08,Mirrodin Besieged,17
2024-08,Mirrodin Besieged Promos,0
2024-08,Modern Horizons,109
2024-08,Modern Horizons 2,392
2024-08,Modern Horizons 3,290
2024-08,Modern Horizons 3 Commander,62
2024-08,Morningtide,3
2024-08,Murders at Karlov Manor,30
2024-08,Murders at Karlov Manor Commander,0
2024-08,Nemesis,29
2024-08,Neon Dynasty Commander,2
2024-08,New Capenna Commander,0
2024-08,New Phyrexia,108
2024-08,New Phyrexia Promos,1
2024-08,Oath of the Gatewatch,0
2024-08,Odyssey,22
2024-08,Onslaught,5
2024-08,Outlaws of Thunder Junction,29
2024-08,Outlaws of Thunder Junction Commander,0
2024-08,Phyrexia: All Will Be One,28
2024-08,Phyrexia: All Will Be One Commander,0
2024-08,Planar Chaos,10
2024-08,Planechase 2012,9
2024-08,Planeshift,13
2024-08,Portal,1
2024-08,Portal Second Age,27
2024-08,Portal Three Kingdoms,7
2024-08,Prophecy,1
2024-08,Ravnica Allegiance,7
2024-08,Ravnica: City of Guilds,48
2024-08,Ravnica: Clue Edition,13
2024-08,Return to Ravnica,51
2024-08,Return to Ravnica Promos,3
2024-08,Rise of the Eldrazi,71
2024-08,Rivals of Ixalan,0
2024-08,Salvat 2005,1
2024-08,San Diego Comic-Con 2013,0
2024-08,San Diego Comic-Con 2015,4
2024-08,Saviors of Kamigawa,0
2024-08,Scars of Mirrodin,12
2024-08,Scars of Mirrodin Promos,0
2024-08,Scourge,16
2024-08,Secret Lair Drop,3
2024-08,Shadowmoor,8
2024-08,Shadows over Innistrad,7
2024-08,Shards of Alara,9
2024-08,Spotlight Series,0
2024-08,Starter 1999,2
2024-08,Streets of New Capenna,4
2024-08,Streets of New Capenna Promos,42
2024-08,Strixhaven Mystical Archive,0
2024-08,Strixhaven: School of Mages,38
2024-08,Stronghold,47
2024-08,Tales of Middle-earth Commander,46
2024-08,Tarkir: Dragonstorm,0
2024-08,Tarkir: Dragonstorm Commander,0
2024-08,Teenage Mutant Ninja Turtles,0
2024-08,Teenage Mutant Ninja Turtles Eternal,0
2024-08,Tempest,49
2024-08,The Big Score,3
2024-08,The Brothers' War,32
2024-08,The Brothers' War Commander,0
2024-08,The Dark,7
2024-08,The List,2
2024-08,The Lord of the Rings: Tales of Middle-earth,195
2024-08,The Lost Caverns of Ixalan,82
2024-08,The Lost Caverns of Ixalan Commander,13
2024-08,Theros,7
2024-08,Theros Beyond Death,66
2024-08,Theros Promos,3
2024-08,Throne of Eldraine,68
2024-08,Through the Omenpaths,0
2024-08,Time Spiral,6
2024-08,Time Spiral Promos,0
2024-08,Torment,4
2024-08,Transformers,0
2024-08,Treasure Chest,0
2024-08,Ugin's Fate,0
2024-08,Unfinity,11
2024-08,Urza's Destiny,1
2024-08,Urza's Legacy,36
2024-08,Urza's Saga,52
2024-08,Visions,17
2024-08,War of the Spark,74
2024-08,"Warhammer 40,000 Commander",33
2024-08,Weatherlight,6
2024-08,Wilds of Eldraine,26
2024-08,Wilds of Eldraine Commander,2
2024-08,Wizards Play Network 2012,0
2024-08,Wizards Play Network 2024,0
2024-08,Worldwake,28
2024-08,Zendikar,48
2024-08,Zendikar Rising,26
2024-09,Adventures in the Forgotten Realms,8
2024-09,Aether Revolt,16
2024-09,Aetherdrift,0
2024-09,Aetherdrift Commander,0
2024-09,Alara Reborn,6
2024-09,Alliances,35
2024-09,Amonkhet,11
2024-09,Amonkhet Invocations,0
2024-09,Antiquities,13
2024-09,Apocalypse,26
2024-09,Arabian Nights,0
2024-09,Arena League 2003,0
2024-09,Arena League 2004,10
2024-09,Arena League 2006,1
2024-09,Assassin's Creed,1
2024-09,Avacyn Restored,9
2024-09,Avacyn Restored Promos,0
2024-09,Avatar: The Last Airbender,0
2024-09,Avatar: The Last Airbender Eternal,0
2024-09,Battle for Zendikar,6
2024-09,Battlebond,5
2024-09,Betrayers of Kamigawa,9
2024-09,Bloomburrow,32
2024-09,Bloomburrow Commander,4
2024-09,Born of the Gods,2
2024-09,Champions of Kamigawa,14
2024-09,Coldsnap,9
2024-09,Commander 2011,13
2024-09,Commander 2013,3
2024-09,Commander 2014,6
2024-09,Commander 2015,3
2024-09,Commander 2016,1
2024-09,Commander 2018,7
2024-09,Commander 2019,10
2024-09,Commander 2020,0
2024-09,Commander 2021,11
2024-09,Commander Legends,34
2024-09,Commander Legends: Battle for Baldur's Gate,74
2024-09,Commander Masters,0
2024-09,Conflux,38
2024-09,Conspiracy,3
2024-09,Conspiracy: Take the Crown,12
2024-09,Core Set 2019,2
2024-09,Core Set 2020,22
2024-09,Core Set 2021,4
2024-09,Crimson Vow Commander,0
2024-09,Dark Ascension,11
2024-09,Dark Ascension Promos,0
2024-09,Darksteel,27
2024-09,Dissension,24
2024-09,Doctor Who,4
2024-09,Dominaria,6
2024-09,Dominaria United,26
2024-09,Dominaria United Commander,3
2024-09,Dragon's Maze,4
2024-09,Dragon's Maze Promos,0
2024-09,Dragons of Tarkir,6
2024-09,Duel Decks: Blessed vs. Cursed,0
2024-09,Duel Decks: Izzet vs. Golgari,0
2024-09,Duel Decks: Zendikar vs. Eldrazi,0
2024-09,Duskmourn: House of Horror,12
2024-09,Duskmourn: House of Horror Commander,2
2024-09,Edge of Eternities,0
2024-09,Edge of Eternities Commander,0
2024-09,Eldritch Moon,23
2024-09,Eventide,0
2024-09,Exodus,13
2024-09,Fallen Empires,2
2024-09,Fallout,14
2024-09,Fate Reforged,6
2024-09,Fifth Dawn,23
2024-09,Final Fantasy,0
2024-09,Final Fantasy Commander,0
2024-09,Forgotten Realms Commander,0
2024-09,Foundations,0
2024-09,Foundations Jumpstart,0
2024-09,Friday Night Magic 2003,0
2024-09,Friday Night Magic 2011,0
2024-09,Friday Night Magic 2012,4
2024-09,Friday Night Magic 2013,2
2024-09,Friday Night Magic 2014,0
2024-09,Friday Night Magic 2015,0
2024-09,Friday Night Magic 2016,0
2024-09,Friday Night Magic 2017,34
2024-09,From the Vault: Legends,0
2024-09,Future Sight,34
2024-09,Game Day Promos,2
2024-09,Gatecrash,3
2024-09,Guildpact,5
2024-09,Guilds of Ravnica,19
2024-09,HarperPrism Book Promos,5
2024-09,Homelands,9
2024-09,Hour of Devastation,6
2024-09,Ice Age,61
2024-09,Ikoria: Lair of Behemoths,16
2024-09,Innistrad,28
2024-09,Innistrad: Crimson Vow,18
2024-09,Innistrad: Midnight Hunt,40
2024-09,Invasion,16
2024-09,Ixalan,5
2024-09,Journey into Nyx,0
2024-09,Journey into Nyx Promos,0
2024-09,Judge Gift Cards 1998,0
2024-09,Judgment,13
2024-09,Jumpstart,0
2024-09,Jumpstart 2022,1
2024-09,Jurassic World Collection,1
2024-09,Kaladesh,8
2024-09,Kaladesh Inventions,6
2024-09,Kaldheim,6
2024-09,Kamigawa: Neon Dynasty,40
2024-09,Khans of Tarkir,24
2024-09,Legends,21
2024-09,Legions,0
2024-09,Limited Edition Alpha,262
2024-09,Limited Edition Beta,0
2024-09,Lorwyn,69
2024-09,Lorwyn Eclipsed,0
2024-09,Lorwyn Eclipsed Commander,0
2024-09,Lorwyn Promos,0
2024-09,MTG Arena Promos,0
2024-09,Magic 2010,4
2024-09,Magic 2010 Promos,0
2024-09,Magic 2011,35
2024-09,Magic 2011 Promos,0
2024-09,Magic 2012,5
2024-09,Magic 2013,5
2024-09,Magic 2014,6
2024-09,Magic 2015,0
2024-09,Magic 2015 Promos,2
2024-09,Magic Origins,3
2024-09,MagicFest 2025,0
2024-09,March of the Machine,19
2024-09,March of the Machine Commander,9
2024-09,March of the Machine: The Aftermath,7
2024-09,Mercadian Masques,12
2024-09,Mirage,47
2024-09,Mirrodin,64
2024-09,Mirrodin Besieged,16
2024-09,Mirrodin Besieged Promos,0
2024-09,Modern Horizons,98
2024-09,Modern Horizons 2,259
2024-09,Modern Horizons 3,220
2024-09,Modern Horizons 3 Commander,37
2024-09,Morningtide,3
2024-09,Murders at Karlov Manor,22
2024-09,Murders at Karlov Manor Commander,0
2024-09,Nemesis,19
2024-09,Neon Dynasty Commander,4
2024-09,New Capenna Commander,1
2024-09,New Phyrexia,91
2024-09,New Phyrexia Promos,3
2024-09,Oath of the Gatewatch,0
2024-09,Odyssey,19
2024-09,Onslaught,6
2024-09,Outlaws of Thunder Junction,32
2024-09,Outlaws of Thunder Junction Commander,0
2024-09,Phyrexia: All Will Be One,23
2024-09,Phyrexia: All Will Be One Commander,4
2024-09,Planar Chaos,7
2024-09,Planechase 2012,12
2024-09,Planeshift,17
2024-09,Portal,6
2024-09,Portal Second Age,14
2024-09,Portal Three Kingdoms,7
2024-09,Prophecy,1
2024-09,Ravnica Allegiance,12
2024-09,Ravnica: City of Guilds,46
2024-09,Ravnica: Clue Edition,8
2024-09,Return to Ravnica,44
2024-09,Return to Ravnica Promos,2
2024-09,Rise of the Eldrazi,57
2024-09,Rivals of Ixalan,2
2024-09,Salvat 2005,2
2024-09,San Diego Comic-Con 2013,0
2024-09,San Diego Comic-Con 2015,2
2024-09,Saviors of Kamigawa,1
2024-09,Scars of Mirrodin,18
2024-09,Scars of Mirrodin Promos,0
2024-09,Scourge,14
2024-09,Secret Lair Drop,0
2024-09,Shadowmoor,2
2024-09,Shadows over Innistrad,5
2024-09,Shards of Alara,14
2024-09,Spotlight Series,0
2024-09,Starter 1999,1
2024-09,Streets of New Capenna,1
2024-09,Streets of New Capenna Promos,17
2024-09,Strixhaven Mystical Archive,0
2024-09,Strixhaven: School of Mages,25
2024-09,Stronghold,48
2024-09,Tales of Middle-earth Commander,30
2024-09,Tarkir: Dragonstorm,0
2024-09,Tarkir: Dragonstorm Commander,0
2024-09,Teenage Mutant Ninja Turtles,0
2024-09,Teenage Mutant Ninja Turtles Eternal,0
2024-09,Tempest,44
2024-09,The Big Score,3
2024-09,The Brothers' War,23
2024-09,The Brothers' War Commander,1
2024-09,The Dark,6
2024-09,The List,0
2024-09,The Lord of the Rings: Tales of Middle-earth,150
2024-09,The Lost Caverns of Ixalan,71
2024-09,The Lost Caverns of Ixalan Commander,13
2024-09,Theros,6
2024-09,Theros Beyond Death,65
2024-09,Theros Promos,3
2024-09,Throne of Eldraine,74
2024-09,Through the Omenpaths,0
2024-09,Time Spiral,4
2024-09,Time Spiral Promos,0
2024-09,Torment,0
2024-09,Transformers,1
2024-09,Treasure Chest,1
2024-09,Ugin's Fate,2
2024-09,Unfinity,14
2024-09,Urza's Destiny,1
2024-09,Urza's Legacy,62
2024-09,Urza's Saga,44
2024-09,Visions,15
2024-09,War of the Spark,65
2024-09,"Warhammer 40,000 Commander",26
2024-09,Weatherlight,9
2024-09,Wilds of Eldraine,24
2024-09,Wilds of Eldraine Commander,1
2024-09,Wizards Play Network 2012,0
2024-09,Wizards Play Network 2024,0
2024-09,Worldwake,22
2024-09,Zendikar,41
2024-09,Zendikar Rising,15
2024-10,Adventures in the Forgotten Realms,17
2024-10,Aether Revolt,18
2024-10,Aetherdrift,0
2024-10,Aetherdrift Commander,0
2024-10,Alara Reborn,13
2024-10,Alliances,56
2024-10,Amonkhet,3
2024-10,Amonkhet Invocations,0
2024-10,Antiquities,15
2024-10,Apocalypse,28
2024-10,Arabian Nights,0
2024-10,Arena League 2003,0
2024-10,Arena League 2004,21
2024-10,Arena League 2006,0
2024-10,Assassin's Creed,7
2024-10,Avacyn Restored,25
2024-10,Avacyn Restored Promos,1
2024-10,Avatar: The Last Airbender,0
2024-10,Avatar: The Last Airbender Eternal,0
2024-10,Battle for Zendikar,5
2024-10,Battlebond,2
2024-10,Betrayers of Kamigawa,13
2024-10,Bloomburrow,28
2024-10,Bloomburrow Commander,1
2024-10,Born of the Gods,5
2024-10,Champions of Kamigawa,27
2024-10,Coldsnap,14
2024-10,Commander 2011,15
2024-10,Commander 2013,10
2024-10,Commander 2014,7
2024-10,Commander 2015,2
2024-10,Commander 2016,0
2024-10,Commander 2018,15
2024-10,Commander 2019,13
2024-10,Commander 2020,3
2024-10,Commander 2021,13
2024-10,Commander Legends,43
2024-10,Commander Legends: Battle for Baldur's Gate,88
2024-10,Commander Masters,0
2024-10,Conflux,51
2024-10,Conspiracy,4
2024-10,Conspiracy: Take the Crown,19
2024-10,Core Set 2019,5
2024-10,Core Set 2020,26
2024-10,Core Set 2021,8
2024-10,Crimson Vow Commander,0
2024-10,Dark Ascension,20
2024-10,Dark Ascension Promos,0
2024-10,Darksteel,36
2024-10,Dissension,34
2024-10,Doctor Who,5
2024-10,Dominaria,12
2024-10,Dominaria United,39
2024-10,Dominaria United Commander,0
2024-10,Dragon's Maze,5
2024-10,Dragon's Maze Promos,0
2024-10,Dragons of Tarkir,4
2024-10,Duel Decks: Blessed vs. Cursed,0
2024-10,Duel Decks: Izzet vs. Golgari,1
2024-10,Duel Decks: Zendikar vs. Eldrazi,0
2024-10,Duskmourn: House of Horror,69
2024-10,Duskmourn: House of Horror Commander,18
2024-10,Edge of Eternities,0
2024-10,Edge of Eternities Commander,0
2024-10,Eldritch Moon,35
2024-10,Eventide,0
2024-10,Exodus,14
2024-10,Fallen Empires,8
2024-10,Fallout,16
2024-10,Fate Reforged,3
2024-10,Fifth Dawn,25
2024-10,Final Fantasy,0
2024-10,Final Fantasy Commander,0
2024-10,Forgotten Realms Commander,1
2024-10,Foundations,0
2024-10,Foundations Jumpstart,0
2024-10,Friday Night Magic 2003,0
2024-10,Friday Night Magic 2011,0
2024-10,Friday Night Magic 2012,1
2024-10,Friday Night Magic 2013,1
2024-10,Friday Night Magic 2014,0
2024-10,Friday Night Magic 2015,0
2024-10,Friday Night Magic 2016,0
2024-10,Friday Night Magic 2017,34
2024-10,From the Vault: Legends,0
2024-10,Future Sight,24
2024-10,Game Day Promos,3
2024-10,Gatecrash,3
2024-10,Guildpact,10
2024-10,Guilds of Ravnica,20
2024-10,HarperPrism Book Promos,6
2024-10,Homelands,19
2024-10,Hour of Devastation,11
2024-10,Ice Age,87
2024-10,Ikoria: Lair of Behemoths,17
2024-10,Innistrad,49
2024-10,Innistrad: Crimson Vow,19
2024-10,Innistrad: Midnight Hunt,68
2024-10,Invasion,29
2024-10,Ixalan,2
2024-10,Journey into Nyx,1
2024-10,Journey into Nyx Promos,0
2024-10,Judge Gift Cards 1998,0
2024-10,Judgment,23
2024-10,Jumpstart,1
2024-10,Jumpstart 2022,1
2024-10,Jurassic World Collection,0
2024-10,Kaladesh,9
2024-10,Kaladesh Inventions,6
2024-10,Kaldheim,13
2024-10,Kamigawa: Neon Dynasty,63
2024-10,Khans of Tarkir,25
2024-10,Legends,39
2024-10,Legions,1
2024-10,Limited Edition Alpha,346
2024-10,Limited Edition Beta,0
2024-10,Lorwyn,98
2024-10,Lorwyn Eclipsed,0
2024-10,Lorwyn Eclipsed Commander,0
2024-10,Lorwyn Promos,0
2024-10,MTG Arena Promos,0
2024-10,Magic 2010,8
2024-10,Magic 2010 Promos,0
2024-10,Magic 2011,56
2024-10,Magic 2011 Promos,0
2024-10,Magic 2012,4
2024-10,Magic 2013,3
2024-10,Magic 2014,15
2024-10,Magic 2015,0
2024-10,Magic 2015 Promos,3
2024-10,Magic Origins,4
2024-10,MagicFest 2025,0
2024-10,March of the Machine,21
2024-10,March of the Machine Commander,7
2024-10,March of the Machine: The Aftermath,8
2024-10,Mercadian Masques,13
2024-10,Mirage,59
2024-10,Mirrodin,84
2024-10,Mirrodin Besieged,19
2024-10,Mirrodin Besieged Promos,0
2024-10,Modern Horizons,145
2024-10,Modern Horizons 2,361
2024-10,Modern Horizons 3,276
2024-10,Modern Horizons 3 Commander,47
2024-10,Morningtide,7
2024-10,Murders at Karlov Manor,30
2024-10,Murders at Karlov Manor Commander,0
2024-10,Nemesis,30
2024-10,Neon Dynasty Commander,1
2024-10,New Capenna Commander,0
2024-10,New Phyrexia,116
2024-10,New Phyrexia Promos,3
2024-10,Oath of the Gatewatch,3
2024-10,Odyssey,36
2024-10,Onslaught,11
2024-10,Outlaws of Thunder Junction,29
2024-10,Outlaws of Thunder Junction Commander,1
2024-10,Phyrexia: All Will Be One,45
2024-10,Phyrexia: All Will Be One Commander,3
2024-10,Planar Chaos,7
2024-10,Planechase 2012,14
2024-10,Planeshift,16
2024-10,Portal,4
2024-10,Portal Second Age,24
2024-10,Portal Three Kingdoms,14
2024-10,Prophecy,1
2024-10,Ravnica Allegiance,6
2024-10,Ravnica: City of Guilds,69
2024-10,Ravnica: Clue Edition,11
2024-10,Return to Ravnica,47
2024-10,Return to Ravnica Promos,2
2024-10,Rise of the Eldrazi,74
2024-10,Rivals of Ixalan,1
2024-10,Salvat 2005,2
2024-10,San Diego Comic-Con 2013,0
2024-10,San Diego Comic-Con 2015,4
2024-10,Saviors of Kamigawa,2
2024-10,Scars of Mirrodin,24
2024-10,Scars of Mirrodin Promos,0
2024-10,Scourge,32
2024-10,Secret Lair Drop,0
2024-10,Shadowmoor,6
2024-10,Shadows over Innistrad,12
2024-10,Shards of Alara,15
2024-10,Spotlight Series,0
2024-10,Starter 1999,1
2024-10,Streets of New Capenna,9
2024-10,Streets of New Capenna Promos,21
2024-10,Strixhaven Mystical Archive,0
2024-10,Strixhaven: School of Mages,39
2024-10,Stronghold,57
2024-10,Tales of Middle-earth Commander,37
2024-10,Tarkir: Dragonstorm,0
2024-10,Tarkir: Dragonstorm Commander,0
2024-10,Teenage Mutant Ninja Turtles,0
2024-10,Teenage Mutant Ninja Turtles Eternal,0
2024-10,Tempest,76
2024-10,The Big Score,5
2024-10,The Brothers' War,28
2024-10,The Brothers' War Commander,0
2024-10,The Dark,11
2024-10,The List,2
2024-10,The Lord of the Rings: Tales of Middle-earth,198
2024-10,The Lost Caverns of Ixalan,79
2024-10,The Lost Caverns of Ixalan Commander,13
2024-10,Theros,4
2024-10,Theros Beyond Death,59
2024-10,Theros Promos,1
2024-10,Throne of Eldraine,78
2024-10,Through the Omenpaths,0
2024-10,Time Spiral,9
2024-10,Time Spiral Promos,0
2024-10,Torment,5
2024-10,Transformers,0
2024-10,Treasure Chest,0
2024-10,Ugin's Fate,3
2024-10,Unfinity,18
2024-10,Urza's Destiny,1
2024-10,Urza's Legacy,76
2024-10,Urza's Saga,83
2024-10,Visions,46
2024-10,War of the Spark,79
2024-10,"Warhammer 40,000 Commander",40
2024-10,Weatherlight,13
2024-10,Wilds of Eldraine,28
2024-10,Wilds of Eldraine Commander,0
2024-10,Wizards Play Network 2012,0
2024-10,Wizards Play Network 2024,0
2024-10,Worldwake,22
2024-10,Zendikar,58
2024-10,Zendikar Rising,29
2024-11,Adventures in the Forgotten Realms,7
2024-11,Aether Revolt,13
2024-11,Aetherdrift,0
2024-11,Aetherdrift Commander,0
2024-11,Alara Reborn,4
2024-11,Alliances,44
2024-11,Amonkhet,10
2024-11,Amonkhet Invocations,0
2024-11,Antiquities,3
2024-11,Apocalypse,22
2024-11,Arabian Nights,0
2024-11,Arena League 2003,0
2024-11,Arena League 2004,15
2024-11,Arena League 2006,0
2024-11,Assassin's Creed,3
2024-11,Avacyn Restored,18
2024-11,Avacyn Restored Promos,1
2024-11,Avatar: The Last Airbender,0
2024-11,Avatar: The Last Airbender Eternal,0
2024-11,Battle for Zendikar,4
2024-11,Battlebond,4
2024-11,Betrayers of Kamigawa,11
2024-11,Bloomburrow,38
2024-11,Bloomburrow Commander,5
2024-11,Born of the Gods,6
2024-11,Champions of Kamigawa,13
2024-11,Coldsnap,15
2024-11,Commander 2011,11
2024-11,Commander 2013,6
2024-11,Commander 2014,9
2024-11,Commander 2015,3
2024-11,Commander 2016,0
2024-11,Commander 2018,7
2024-11,Commander 2019,11
2024-11,Commander 2020,0
2024-11,Commander 2021,15
2024-11,Commander Legends,35
2024-11,Commander Legends: Battle for Baldur's Gate,121
2024-11,Commander Masters,0
2024-11,Conflux,55
2024-11,Conspiracy,2
2024-11,Conspiracy: Take the Crown,25
2024-11,Core Set 2019,0
2024-11,Core Set 2020,21
2024-11,Core Set 2021,6
2024-11,Crimson Vow Commander,0
2024-11,Dark Ascension,37
2024-11,Dark Ascension Promos,0
2024-11,Darksteel,33
2024-11,Dissension,24
2024-11,Doctor Who,1
2024-11,Dominaria,8
2024-11,Dominaria United,40
2024-11,Dominaria United Commander,0
2024-11,Dragon's Maze,2
2024-11,Dragon's Maze Promos,0
2024-11,Dragons of Tarkir,6
2024-11,Duel Decks: Blessed vs. Cursed,0
2024-11,Duel Decks: Izzet vs. Golgari,0
2024-11,Duel Decks: Zendikar vs. Eldrazi,0
2024-11,Duskmourn: House of Horror,90
2024-11,Duskmourn: House of Horror Commander,20
2024-11,Edge of Eternities,0
2024-11,Edge of Eternities Commander,0
2024-11,Eldritch Moon,37
2024-11,Eventide,3
2024-11,Exodus,16
2024-11,Fallen Empires,4
2024-11,Fallout,20
2024-11,Fate Reforged,9
2024-11,Fifth Dawn,25
2024-11,Final Fantasy,0
2024-11,Final Fantasy Commander,0
2024-11,Forgotten Realms Commander,1
2024-11,Foundations,9
2024-11,Foundations Jumpstart,7
2024-11,Friday Night Magic 2003,0
2024-11,Friday Night Magic 2011,0
2024-11,Friday Night Magic 2012,3
2024-11,Friday Night Magic 2013,2
2024-11,Friday Night Magic 2014,0
2024-11,Friday Night Magic 2015,0
2024-11,Friday Night Magic 2016,0
2024-11,Friday Night Magic 2017,35
2024-11,From the Vault: Legends,0
2024-11,Future Sight,37
2024-11,Game Day Promos,9
2024-11,Gatecrash,5
2024-11,Guildpact,3
2024-11,Guilds of Ravnica,21
2024-11,HarperPrism Book Promos,10
2024-11,Homelands,22
2024-11,Hour of Devastation,15
2024-11,Ice Age,76
2024-11,Ikoria: Lair of Behemoths,14
2024-11,Innistrad,46
2024-11,Innistrad: Crimson Vow,28
2024-11,Innistrad: Midnight Hunt,91
2024-11,Invasion,31
2024-11,Ixalan,7
2024-11,Journey into Nyx,2
2024-11,Journey into Nyx Promos,1
2024-11,Judge Gift Cards 1998,0
2024-11,Judgment,26
2024-11,Jumpstart,0
2024-11,Jumpstart 2022,0
2024-11,Jurassic World Collection,2
2024-11,Kaladesh,14
2024-11,Kaladesh Inventions,1
2024-11,Kaldheim,7
2024-11,Kamigawa: Neon Dynasty,65
2024-11,Khans of Tarkir,28
2024-11,Legends,21
2024-11,Legions,0
2024-11,Limited Edition Alpha,303
2024-11,Limited Edition Beta,0
2024-11,Lorwyn,79
2024-11,Lorwyn Eclipsed,0
2024-11,Lorwyn Eclipsed Commander,0
2024-11,Lorwyn Promos,0
2024-11,MTG Arena Promos,0
2024-11,Magic 2010,11
2024-11,Magic 2010 Promos,0
2024-11,Magic 2011,41
2024-11,Magic 2011 Promos,0
2024-11,Magic 2012,2
2024-11,Magic 2013,3
2024-11,Magic 2014,9
2024-11,Magic 2015,0
2024-11,Magic 2015 Promos,5
2024-11,Magic Origins,2
2024-11,MagicFest 2025,0
2024-11,March of the Machine,32
2024-11,March of the Machine Commander,5
2024-11,March of the Machine: The Aftermath,10
2024-11,Mercadian Masques,22
2024-11,Mirage,43
2024-11,Mirrodin,50
2024-11,Mirrodin Besieged,18
2024-11,Mirrodin Besieged Promos,1
2024-11,Modern Horizons,103
2024-11,Modern Horizons 2,328
2024-11,Modern Horizons 3,272
2024-11,Modern Horizons 3 Commander,50
2024-11,Morningtide,5
2024-11,Murders at Karlov Manor,25
2024-11,Murders at Karlov Manor Commander,0
2024-11,Nemesis,28
2024-11,Neon Dynasty Commander,2
2024-11,New Capenna Commander,0
2024-11,New Phyrexia,105
2024-11,New Phyrexia Promos,2
2024-11,Oath of the Gatewatch,0
2024-11,Odyssey,17
2024-11,Onslaught,6
2024-11,Outlaws of Thunder Junction,30
2024-11,Outlaws of Thunder Junction Commander,0
2024-11,Phyrexia: All Will Be One,45
2024-11,Phyrexia: All Will Be One Commander,2
2024-11,Planar Chaos,8
2024-11,Planechase 2012,12
2024-11,Planeshift,14
2024-11,Portal,4
2024-11,Portal Second Age,23
2024-11,Portal Three Kingdoms,8
2024-11,Prophecy,4
2024-11,Ravnica Allegiance,12
2024-11,Ravnica: City of Guilds,53
2024-11,Ravnica: Clue Edition,10
2024-11,Return to Ravnica,57
2024-11,Return to Ravnica Promos,7
2024-11,Rise of the Eldrazi,66
2024-11,Rivals of Ixalan,0
2024-11,Salvat 2005,4
2024-11,San Diego Comic-Con 2013,0
2024-11,San Diego Comic-Con 2015,7
2024-11,Saviors of Kamigawa,1
2024-11,Scars of Mirrodin,10
2024-11,Scars of Mirrodin Promos,0
2024-11,Scourge,22
2024-11,Secret Lair Drop,1
2024-11,Shadowmoor,3
2024-11,Shadows over Innistrad,15
2024-11,Shards of Alara,15
2024-11,Spotlight Series,0
2024-11,Starter 1999,4
2024-11,Streets of New Capenna,7
2024-11,Streets of New Capenna Promos,38
2024-11,Strixhaven Mystical Archive,0
2024-11,Strixhaven: School of Mages,38
2024-11,Stronghold,49
2024-11,Tales of Middle-earth Commander,36
2024-11,Tarkir: Dragonstorm,0
2024-11,Tarkir: Dragonstorm Commander,0
2024-11,Teenage Mutant Ninja Turtles,0
2024-11,Teenage Mutant Ninja Turtles Eternal,0
2024-11,Tempest,47
2024-11,The Big Score,3
2024-11,The Brothers' War,43
2024-11,The Brothers' War Commander,0
2024-11,The Dark,11
2024-11,The List,1
2024-11,The Lord of the Rings: Tales of Middle-earth,191
2024-11,The Lost Caverns of Ixalan,74
2024-11,The Lost Caverns of Ixalan Commander,15
2024-11,Theros,10
2024-11,Theros Beyond Death,73
2024-11,Theros Promos,1
2024-11,Throne of Eldraine,98
2024-11,Through the Omenpaths,0
2024-11,Time Spiral,5
2024-11,Time Spiral Promos,0
2024-11,Torment,9
2024-11,Transformers,1
2024-11,Treasure Chest,2
2024-11,Ugin's Fate,1
2024-11,Unfinity,13
2024-11,Urza's Destiny,3
2024-11,Urza's Legacy,49
2024-11,Urza's Saga,52
2024-11,Visions,26
2024-11,War of the Spark,62
2024-11,"Warhammer 40,000 Commander",31
2024-11,Weatherlight,9
2024-11,Wilds of Eldraine,28
2024-11,Wilds of Eldraine Commander,2
2024-11,Wizards Play Network 2012,0
2024-11,Wizards Play Network 2024,0
2024-11,Worldwake,22
2024-11,Zendikar,53
2024-11,Zendikar Rising,37
2024-12,Adventures in the Forgotten Realms,11
2024-12,Aether Revolt,9
2024-12,Aetherdrift,0
2024-12,Aetherdrift Commander,0
2024-12,Alara Reborn,4
2024-12,Alliances,35
2024-12,Amonkhet,6
2024-12,Amonkhet Invocations,0
2024-12,Antiquities,7
2024-12,Apocalypse,14
2024-12,Arabian Nights,1
2024-12,Arena League 2003,0
2024-12,Arena League 2004,15
2024-12,Arena League 2006,0
2024-12,Assassin's Creed,3
2024-12,Avacyn Restored,17
2024-12,Avacyn Restored Promos,0
2024-12,Avatar: The Last Airbender,0
2024-12,Avatar: The Last Airbender Eternal,0
2024-12,Battle for Zendikar,9
2024-12,Battlebond,1
2024-12,Betrayers of Kamigawa,5
2024-12,Bloomburrow,24
2024-12,Bloomburrow Commander,4
2024-12,Born of the Gods,5
2024-12,Champions of Kamigawa,12
2024-12,Coldsnap,11
2024-12,Commander 2011,4
2024-12,Commander 2013,11
2024-12,Commander 2014,3
2024-12,Commander 2015,4
2024-12,Commander 2016,0
2024-12,Commander 2018,6
2024-12,Commander 2019,10
2024-12,Commander 2020,0
2024-12,Commander 2021,4
2024-12,Commander Legends,33
2024-12,Commander Legends: Battle for Baldur's Gate,43
2024-12,Commander Masters,0
2024-12,Conflux,28
2024-12,Conspiracy,3
2024-12,Conspiracy: Take the Crown,11
2024-12,Core Set 2019,2
2024-12,Core Set 2020,13
2024-12,Core Set 2021,3
2024-12,Crimson Vow Commander,0
2024-12,Dark Ascension,13
2024-12,Dark Ascension Promos,0
2024-12,Darksteel,18
2024-12,Dissension,23
2024-12,Doctor Who,4
2024-12,Dominaria,8
2024-12,Dominaria United,23
2024-12,Dominaria United Commander,1
2024-12,Dragon's Maze,0
2024-12,Dragon's Maze Promos,0
2024-12,Dragons of Tarkir,3
2024-12,Duel Decks: Blessed vs. Cursed,0
2024-12,Duel Decks: Izzet vs. Golgari,0
2024-12,Duel Decks: Zendikar vs. Eldrazi,0
2024-12,Duskmourn: House of Horror,61
2024-12,Duskmourn: House of Horror Commander,9
2024-12,Edge of Eternities,0
2024-12,Edge of Eternities Commander,0
2024-12,Eldritch Moon,19
2024-12,Eventide,2
2024-12,Exodus,12
2024-12,Fallen Empires,3
2024-12,Fallout,9
2024-12,Fate Reforged,3
2024-12,Fifth Dawn,15
2024-12,Final Fantasy,0
2024-12,Final Fantasy Commander,0
2024-12,Forgotten Realms Commander,2
2024-12,Foundations,18
2024-12,Foundations Jumpstart,11
2024-12,Friday Night Magic 2003,0
2024-12,Friday Night Magic 2011,0
2024-12,Friday Night Magic 2012,1
2024-12,Friday Night Magic 2013,0
2024-12,Friday Night Magic 2014,0
2024-12,Friday Night Magic 2015,0
2024-12,Friday Night Magic 2016,0
2024-12,Friday Night Magic 2017,23
2024-12,From the Vault: Legends,0
2024-12,Future Sight,13
2024-12,Game Day Promos,2
2024-12,Gatecrash,2
2024-12,Guildpact,3
2024-12,Guilds of Ravnica,21
2024-12,HarperPrism Book Promos,4
2024-12,Homelands,14
2024-12,Hour of Devastation,7
2024-12,Ice Age,56
2024-12,Ikoria: Lair of Behemoths,13
2024-12,Innistrad,28
2024-12,Innistrad: Crimson Vow,22
2024-12,Innistrad: Midnight Hunt,51
2024-12,Invasion,23
2024-12,Ixalan,3
2024-12,Journey into Nyx,2
2024-12,Journey into Nyx Promos,0
2024-12,Judge Gift Cards 1998,0
2024-12,Judgment,10
2024-12,Jumpstart,2
2024-12,Jumpstart 2022,0
2024-12,Jurassic World Collection,1
2024-12,Kaladesh,15
2024-12,Kaladesh Inventions,4
2024-12,Kaldheim,9
2024-12,Kamigawa: Neon Dynasty,37
2024-12,Khans of Tarkir,37
2024-12,Legends,21
2024-12,Legions,4
2024-12,Limited Edition Alpha,208
2024-12,Limited Edition Beta,0
2024-12,Lorwyn,58
2024-12,Lorwyn Eclipsed,0
2024-12,Lorwyn Eclipsed Commander,0
2024-12,Lorwyn Promos,0
2024-12,MTG Arena Promos,1
2024-12,Magic 2010,5
2024-12,Magic 2010 Promos,0
2024-12,Magic 2011,34
2024-12,Magic 2011 Promos,0
2024-12,Magic 2012,2
2024-12,Magic 2013,0
2024-12,Magic 2014,7
2024-12,Magic 2015,0
2024-12,Magic 2015 Promos,4
2024-12,Magic Origins,5
2024-12,MagicFest 2025,0
2024-12,March of the Machine,11
2024-12,March of the Machine Commander,5
2024-12,March of the Machine: The Aftermath,7
2024-12,Mercadian Masques,13
2024-12,Mirage,32
2024-12,Mirrodin,51
2024-12,Mirrodin Besieged,5
2024-12,Mirrodin Besieged Promos,0
2024-12,Modern Horizons,74
2024-12,Modern Horizons 2,216
2024-12,Modern Horizons 3,195
2024-12,Modern Horizons 3 Commander,37
2024-12,Morningtide,8
2024-12,Murders at Karlov Manor,29
2024-12,Murders at Karlov Manor Commander,0
2024-12,Nemesis,20
2024-12,Neon Dynasty Commander,2
2024-12,New Capenna Commander,0
2024-12,New Phyrexia,72
2024-12,New Phyrexia Promos,1
2024-12,Oath of the Gatewatch,9
2024-12,Odyssey,11
2024-12,Onslaught,4
2024-12,Outlaws of Thunder Junction,19
2024-12,Outlaws of Thunder Junction Commander,0
2024-12,Phyrexia: All Will Be One,22
2024-12,Phyrexia: All Will Be One Commander,4
2024-12,Planar Chaos,4
2024-12,Planechase 2012,9
2024-12,Planeshift,4
2024-12,Portal,2
2024-12,Portal Second Age,16
2024-12,Portal Three Kingdoms,6
2024-12,Prophecy,0
2024-12,Ravnica Allegiance,7
2024-12,Ravnica: City of Guilds,39
2024-12,Ravnica: Clue Edition,8
2024-12,Return to Ravnica,42
2024-12,Return to Ravnica Promos,3
2024-12,Rise of the Eldrazi,54
2024-12,Rivals of Ixalan,0
2024-12,Salvat 2005,0
2024-12,San Diego Comic-Con 2013,0
2024-12,San Diego Comic-Con 2015,3
2024-12,Saviors of Kamigawa,0
2024-12,Scars of Mirrodin,18
2024-12,Scars of Mirrodin Promos,0
2024-12,Scourge,21
2024-12,Secret Lair Drop,0
2024-12,Shadowmoor,3
2024-12,Shadows over Innistrad,4
2024-12,Shards of Alara,8
2024-12,Spotlight Series,0
2024-12,Starter 1999,0
2024-12,Streets of New Capenna,3
2024-12,Streets of New Capenna Promos,21
2024-12,Strixhaven Mystical Archive,0
2024-12,Strixhaven: School of Mages,30
2024-12,Stronghold,40
2024-12,Tales of Middle-earth Commander,24
2024-12,Tarkir: Dragonstorm,0
2024-12,Tarkir: Dragonstorm Commander,0
2024-12,Teenage Mutant Ninja Turtles,0
2024-12,Teenage Mutant Ninja Turtles Eternal,0
2024-12,Tempest,35
2024-12,The Big Score,0
2024-12,The Brothers' War,22
2024-12,The Brothers' War Commander,1
2024-12,The Dark,6
2024-12,The List,2
2024-12,The Lord of the Rings: Tales of Middle-earth,130
2024-12,The Lost Caverns of Ixalan,52
2024-12,The Lost Caverns of Ixalan Commander,9
2024-12,Theros,3
2024-12,Theros Beyond Death,47
2024-12,Theros Promos,1
2024-12,Throne of Eldraine,63
2024-12,Through the Omenpaths,0
2024-12,Time Spiral,3
2024-12,Time Spiral Promos,0
2024-12,Torment,4
2024-12,Transformers,0
2024-12,Treasure Chest,0
2024-12,Ugin's Fate,1
2024-12,Unfinity,8
2024-12,Urza's Destiny,1
2024-12,Urza's Legacy,37
2024-12,Urza's Saga,41
2024-12,Visions,15
2024-12,War of the Spark,47
2024-12,"Warhammer 40,000 Commander",15
2024-12,Weatherlight,3
2024-12,Wilds of Eldraine,12
2024-12,Wilds of Eldraine Commander,0
2024-12,Wizards Play Network 2012,1
2024-12,Wizards Play Network 2024,0
2024-12,Worldwake,14
2024-12,Zendikar,42
2024-12,Zendikar Rising,15
2025-01,Adventures in the Forgotten Realms,14
2025-01,Aether Revolt,25
2025-01,Aetherdrift,0
2025-01,Aetherdrift Commander,0
2025-01,Alara Reborn,11
2025-01,Alliances,83
2025-01,Amonkhet,9
2025-01,Amonkhet Invocations,0
2025-01,Antiquities,21
2025-01,Apocalypse,32
2025-01,Arabian Nights,0
2025-01,Arena League 2003,0
2025-01,Arena League 2004,35
2025-01,Arena League 2006,4
2025-01,Assassin's Creed,17
2025-01,Avacyn Restored,36
2025-01,Avacyn Restored Promos,1
2025-01,Avatar: The Last Airbender,0
2025-01,Avatar: The Last Airbender Eternal,0
2025-01,Battle for Zendikar,4
2025-01,Battlebond,30
2025-01,Betrayers of Kamigawa,12
2025-01,Bloomburrow,44
2025-01,Bloomburrow Commander,3
2025-01,Born of the Gods,4
2025-01,Champions of Kamigawa,22
2025-01,Coldsnap,27
2025-01,Commander 2011,17
2025-01,Commander 2013,4
2025-01,Commander 2014,6
2025-01,Commander 2015,8
2025-01,Commander 2016,0
2025-01,Commander 2018,10
2025-01,Commander 2019,18
2025-01,Commander 2020,1
2025-01,Commander 2021,23
2025-01,Commander Legends,49
2025-01,Commander Legends: Battle for Baldur's Gate,93
2025-01,Commander Masters,0
2025-01,Conflux,73
2025-01,Conspiracy,3
2025-01,Conspiracy: Take the Crown,27
2025-01,Core Set 2019,5
2025-01,Core Set 2020,41
2025-01,Core Set 2021,8
2025-01,Crimson Vow Commander,0
2025-01,Dark Ascension,36
2025-01,Dark Ascension Promos,1
2025-01,Darksteel,42
2025-01,Dissension,62
2025-01,Doctor Who,5
2025-01,Dominaria,12
2025-01,Dominaria United,54
2025-01,Dominaria United Commander,0
2025-01,Dragon's Maze,5
2025-01,Dragon's Maze Promos,0
2025-01,Dragons of Tarkir,5
2025-01,Duel Decks: Blessed vs. Cursed,0
2025-01,Duel Decks: Izzet vs. Golgari,0
2025-01,Duel Decks: Zendikar vs. Eldrazi,0
2025-01,Duskmourn: House of Horror,164
2025-01,Duskmourn: House of Horror Commander,29
2025-01,Edge of Eternities,0
2025-01,Edge of Eternities Commander,0
2025-01,Eldritch Moon,34
2025-01,Eventide,0
2025-01,Exodus,25
2025-01,Fallen Empires,9
2025-01,Fallout,36
2025-01,Fate Reforged,3
2025-01,Fifth Dawn,42
2025-01,Final Fantasy,0
2025-01,Final Fantasy Commander,0
2025-01,Forgotten Realms Commander,3
2025-01,Foundations,28
2025-01,Foundations Jumpstart,27
2025-01,Friday Night Magic 2003,1
2025-01,Friday Night Magic 2011,1
2025-01,Friday Night Magic 2012,5
2025-01,Friday Night Magic 2013,0
2025-01,Friday Night Magic 2014,0
2025-01,Friday Night Magic 2015,0
2025-01,Friday Night Magic 2016,0
2025-01,Friday Night Magic 2017,54
2025-01,From the Vault: Legends,0
2025-01,Future Sight,65
2025-01,Game Day Promos,3
2025-01,Gatecrash,1
2025-01,Guildpact,10
2025-01,Guilds of Ravnica,28
2025-01,HarperPrism Book Promos,6
2025-01,Homelands,47
2025-01,Hour of Devastation,13
2025-01,Ice Age,128
2025-01,Ikoria: Lair of Behemoths,15
2025-01,Innistrad,57
2025-01,Innistrad: Crimson Vow,37
2025-01,Innistrad: Midnight Hunt,120
2025-01,Invasion,55
2025-01,Ixalan,7
2025-01,Journey into Nyx,3
2025-01,Journey into Nyx Promos,0
2025-01,Judge Gift Cards 1998,0
2025-01,Judgment,28
2025-01,Jumpstart,0
2025-01,Jumpstart 2022,1
2025-01,Jurassic World Collection,4
2025-01,Kaladesh,19
2025-01,Kaladesh Inventions,10
2025-01,Kaldheim,10
2025-01,Kamigawa: Neon Dynasty,110
2025-01,Khans of Tarkir,30
2025-01,Legends,43
2025-01,Legions,1
2025-01,Limited Edition Alpha,482
2025-01,Limited Edition Beta,0
2025-01,Lorwyn,146
2025-01,Lorwyn Eclipsed,0
2025-01,Lorwyn Eclipsed Commander,0
2025-01,Lorwyn Promos,0
2025-01,MTG Arena Promos,0
2025-01,Magic 2010,14
2025-01,Magic 2010 Promos,0
2025-01,Magic 2011,71
2025-01,Magic 2011 Promos,0
2025-01,Magic 2012,3
2025-01,Magic 2013,2
2025-01,Magic 2014,11
2025-01,Magic 2015,0
2025-01,Magic 2015 Promos,8
2025-01,Magic Origins,1
2025-01,MagicFest 2025,0
2025-01,March of the Machine,17
2025-01,March of the Machine Commander,14
2025-01,March of the Machine: The Aftermath,17
2025-01,Mercadian Masques,28
2025-01,Mirage,78
2025-01,Mirrodin,116
2025-01,Mirrodin Besieged,21
2025-01,Mirrodin Besieged Promos,0
2025-01,Modern Horizons,179
2025-01,Modern Horizons 2,533
2025-01,Modern Horizons 3,436
2025-01,Modern Horizons 3 Commander,89
2025-01,Morningtide,10
2025-01,Murders at Karlov Manor,57
2025-01,Murders at Karlov Manor Commander,0
2025-01,Nemesis,47
2025-01,Neon Dynasty Commander,6
2025-01,New Capenna Commander,4
2025-01,New Phyrexia,170
2025-01,New Phyrexia Promos,6
2025-01,Oath of the Gatewatch,3
2025-01,Odyssey,30
2025-01,Onslaught,12
2025-01,Outlaws of Thunder Junction,41
2025-01,Outlaws of Thunder Junction Commander,1
2025-01,Phyrexia: All Will Be One,44
2025-01,Phyrexia: All Will Be One Commander,5
2025-01,Planar Chaos,15
2025-01,Planechase 2012,22
2025-01,Planeshift,28
2025-01,Portal,12
2025-01,Portal Second Age,40
2025-01,Portal Three Kingdoms,16
2025-01,Prophecy,6
2025-01,Ravnica Allegiance,5
2025-01,Ravnica: City of Guilds,93
2025-01,Ravnica: Clue Edition,26
2025-01,Return to Ravnica,71
2025-01,Return to Ravnica Promos,4
2025-01,Rise of the Eldrazi,117
2025-01,Rivals of Ixalan,2
2025-01,Salvat 2005,6
2025-01,San Diego Comic-Con 2013,0
2025-01,San Diego Comic-Con 2015,6
2025-01,Saviors of Kamigawa,1
2025-01,Scars of Mirrodin,36
2025-01,Scars of Mirrodin Promos,0
2025-01,Scourge,40
2025-01,Secret Lair Drop,1
2025-01,Shadowmoor,6
2025-01,Shadows over Innistrad,10
2025-01,Shards of Alara,27
2025-01,Spotlight Series,0
2025-01,Starter 1999,7
2025-01,Streets of New Capenna,9
2025-01,Streets of New Capenna Promos,35
2025-01,Strixhaven Mystical Archive,0
2025-01,Strixhaven: School of Mages,53
2025-01,Stronghold,90
2025-01,Tales of Middle-earth Commander,63
2025-01,Tarkir: Dragonstorm,0
2025-01,Tarkir: Dragonstorm Commander,0
2025-01,Teenage Mutant Ninja Turtles,0
2025-01,Teenage Mutant Ninja Turtles Eternal,0
2025-01,Tempest,71
2025-01,The Big Score,6
2025-01,The Brothers' War,44
2025-01,The Brothers' War Commander,0
2025-01,The Dark,17
2025-01,The List,1
2025-01,The Lord of the Rings: Tales of Middle-earth,296
2025-01,The Lost Caverns of Ixalan,143
2025-01,The Lost Caverns of Ixalan Commander,23
2025-01,Theros,4
2025-01,Theros Beyond Death,76
2025-01,Theros Promos,6
2025-01,Throne of Eldraine,118
2025-01,Through the Omenpaths,0
2025-01,Time Spiral,11
2025-01,Time Spiral Promos,1
2025-01,Torment,16
2025-01,Transformers,2
2025-01,Treasure Chest,0
2025-01,Ugin's Fate,3
2025-01,Unfinity,19
2025-01,Urza's Destiny,2
2025-01,Urza's Legacy,101
2025-01,Urza's Saga,113
2025-01,Visions,44
2025-01,War of the Spark,131
2025-01,"Warhammer 40,000 Commander",43
2025-01,Weatherlight,17
2025-01,Wilds of Eldraine,35
2025-01,Wilds of Eldraine Commander,0
2025-01,Wizards Play Network 2012,0
2025-01,Wizards Play Network 2024,0
2025-01,Worldwake,33
2025-01,Zendikar,66
2025-01,Zendikar Rising,36
2025-02,Adventures in the Forgotten Realms,7
2025-02,Aether Revolt,13
2025-02,Aetherdrift,17
2025-02,Aetherdrift Commander,0
2025-02,Alara Reborn,6
2025-02,Alliances,35
2025-02,Amonkhet,4
2025-02,Amonkhet Invocations,0
2025-02,Antiquities,10
2025-02,Apocalypse,13
2025-02,Arabian Nights,0
2025-02,Arena League 2003,0
2025-02,Arena League 2004,12
2025-02,Arena League 2006,4
2025-02,Assassin's Creed,5
2025-02,Avacyn Restored,19
2025-02,Avacyn Restored Promos,0
2025-02,Avatar: The Last Airbender,0
2025-02,Avatar: The Last Airbender Eternal,0
2025-02,Battle for Zendikar,4
2025-02,Battlebond,25
2025-02,Betrayers of Kamigawa,8
2025-02,Bloomburrow,32
2025-02,Bloomburrow Commander,8
2025-02,Born of the Gods,2
2025-02,Champions of Kamigawa,13
2025-02,Coldsnap,10
2025-02,Commander 2011,9
2025-02,Commander 2013,6
2025-02,Commander 2014,5
2025-02,Commander 2015,4
2025-02,Commander 2016,0
2025-02,Commander 2018,7
2025-02,Commander 2019,12
2025-02,Commander 2020,0
2025-02,Commander 2021,12
2025-02,Commander Legends,34
2025-02,Commander Legends: Battle for Baldur's Gate,70
2025-02,Commander Masters,0
2025-02,Conflux,48
2025-02,Conspiracy,2
2025-02,Conspiracy: Take the Crown,24
2025-02,Core Set 2019,3
2025-02,Core Set 2020,12
2025-02,Core Set 2021,4
2025-02,Crimson Vow Commander,2
2025-02,Dark Ascension,15
2025-02,Dark Ascension Promos,0
2025-02,Darksteel,26
2025-02,Dissension,22
2025-02,Doctor Who,2
2025-02,Dominaria,9
2025-02,Dominaria United,29
2025-02,Dominaria United Commander,4
2025-02,Dragon's Maze,7
2025-02,Dragon's Maze Promos,0
2025-02,Dragons of Tarkir,3
2025-02,Duel Decks: Blessed vs. Cursed,0
2025-02,Duel Decks: Izzet vs. Golgari,0
2025-02,Duel Decks: Zendikar vs. Eldrazi,0
2025-02,Duskmourn: House of Horror,71
2025-02,Duskmourn: House of Horror Commander,17
2025-02,Edge of Eternities,0
2025-02,Edge of Eternities Commander,0
2025-02,Eldritch Moon,21
2025-02,Eventide,1
2025-02,Exodus,13
2025-02,Fallen Empires,4
2025-02,Fallout,23
2025-02,Fate Reforged,1
2025-02,Fifth Dawn,28
2025-02,Final Fantasy,0
2025-02,Final Fantasy Commander,0
2025-02,Forgotten Realms Commander,1
2025-02,Foundations,13
2025-02,Foundations Jumpstart,17
2025-02,Friday Night Magic 2003,0
2025-02,Friday Night Magic 2011,0
2025-02,Friday Night Magic 2012,0
2025-02,Friday Night Magic 2013,0
2025-02,Friday Night Magic 2014,0
2025-02,Friday Night Magic 2015,0
2025-02,Friday Night Magic 2016,0
2025-02,Friday Night Magic 2017,28
2025-02,From the Vault: Legends,0
2025-02,Future Sight,22
2025-02,Game Day Promos,2
2025-02,Gatecrash,1
2025-02,Guildpact,2
2025-02,Guilds of Ravnica,9
2025-02,HarperPrism Book Promos,2
2025-02,Homelands,17
2025-02,Hour of Devastation,6
2025-02,Ice Age,65
2025-02,Ikoria: Lair of Behemoths,5
2025-02,Innistrad,31
2025-02,Innistrad: Crimson Vow,15
2025-02,Innistrad: Midnight Hunt,55
2025-02,Invasion,19
2025-02,Ixalan,1
2025-02,Journey into Nyx,1
2025-02,Journey into Nyx Promos,0
2025-02,Judge Gift Cards 1998,0
2025-02,Judgment,7
2025-02,Jumpstart,1
2025-02,Jumpstart 2022,0
2025-02,Jurassic World Collection,1
2025-02,Kaladesh,4
2025-02,Kaladesh Inventions,4
2025-02,Kaldheim,4
2025-02,Kamigawa: Neon Dynasty,59
2025-02,Khans of Tarkir,11
2025-02,Legends,12
2025-02,Legions,0
2025-02,Limited Edition Alpha,242
2025-02,Limited Edition Beta,0
2025-02,Lorwyn,64
2025-02,Lorwyn Eclipsed,0
2025-02,Lorwyn Eclipsed Commander,0
2025-02,Lorwyn Promos,0
2025-02,MTG Arena Promos,0
2025-02,Magic 2010,6
2025-02,Magic 2010 Promos,0
2025-02,Magic 2011,32
2025-02,Magic 2011 Promos,0
2025-02,Magic 2012,3
2025-02,Magic 2013,1
2025-02,Magic 2014,6
2025-02,Magic 2015,0
2025-02,Magic 2015 Promos,2
2025-02,Magic Origins,2
2025-02,MagicFest 2025,0
2025-02,March of the Machine,11
2025-02,March of the Machine Commander,6
2025-02,March of the Machine: The Aftermath,8
2025-02,Mercadian Masques,10
2025-02,Mirage,42
2025-02,Mirrodin,57
2025-02,Mirrodin Besieged,17
2025-02,Mirrodin Besieged Promos,0
2025-02,Modern Horizons,105
2025-02,Modern Horizons 2,263
2025-02,Modern Horizons 3,251
2025-02,Modern Horizons 3 Commander,44
2025-02,Morningtide,5
2025-02,Murders at Karlov Manor,32
2025-02,Murders at Karlov Manor Commander,0
2025-02,Nemesis,20
2025-02,Neon Dynasty Commander,1
2025-02,New Capenna Commander,3
2025-02,New Phyrexia,84
2025-02,New Phyrexia Promos,2
2025-02,Oath of the Gatewatch,2
2025-02,Odyssey,14
2025-02,Onslaught,4
2025-02,Outlaws of Thunder Junction,33
2025-02,Outlaws of Thunder Junction Commander,1
2025-02,Phyrexia: All Will Be One,35
2025-02,Phyrexia: All Will Be One Commander,3
2025-02,Planar Chaos,8
2025-02,Planechase 2012,13
2025-02,Planeshift,17
2025-02,Portal,4
2025-02,Portal Second Age,14
2025-02,Portal Three Kingdoms,9
2025-02,Prophecy,1
2025-02,Ravnica Allegiance,3
2025-02,Ravnica: City of Guilds,40
2025-02,Ravnica: Clue Edition,12
2025-02,Return to Ravnica,40
2025-02,Return to Ravnica Promos,2
2025-02,Rise of the Eldrazi,45
2025-02,Rivals of Ixalan,0
2025-02,Salvat 2005,1
2025-02,San Diego Comic-Con 2013,0
2025-02,San Diego Comic-Con 2015,4
2025-02,Saviors of Kamigawa,0
2025-02,Scars of Mirrodin,15
2025-02,Scars of Mirrodin Promos,0
2025-02,Scourge,12
2025-02,Secret Lair Drop,1
2025-02,Shadowmoor,3
2025-02,Shadows over Innistrad,4
2025-02,Shards of Alara,18
2025-02,Spotlight Series,0
2025-02,Starter 1999,1
2025-02,Streets of New Capenna,2
2025-02,Streets of New Capenna Promos,17
2025-02,Strixhaven Mystical Archive,0
2025-02,Strixhaven: School of Mages,22
2025-02,Stronghold,41
2025-02,Tales of Middle-earth Commander,27
2025-02,Tarkir: Dragonstorm,0
2025-02,Tarkir: Dragonstorm Commander,0
2025-02,Teenage Mutant Ninja Turtles,0
2025-02,Teenage Mutant Ninja Turtles Eternal,0
2025-02,Tempest,33
2025-02,The Big Score,6
2025-02,The Brothers' War,18
2025-02,The Brothers' War Commander,0
2025-02,The Dark,5
2025-02,The List,2
2025-02,The Lord of the Rings: Tales of Middle-earth,138
2025-02,The Lost Caverns of Ixalan,69
2025-02,The Lost Caverns of Ixalan Commander,10
2025-02,Theros,2
2025-02,Theros Beyond Death,51
2025-02,Theros Promos,2
2025-02,Throne of Eldraine,60
2025-02,Through the Omenpaths,0
2025-02,Time Spiral,5
2025-02,Time Spiral Promos,1
2025-02,Torment,3
2025-02,Transformers,1
2025-02,Treasure Chest,1
2025-02,Ugin's Fate,0
2025-02,Unfinity,13
2025-02,Urza's Destiny,0
2025-02,Urza's Legacy,57
2025-02,Urza's Saga,49
2025-02,Visions,21
2025-02,War of the Spark,57
2025-02,"Warhammer 40,000 Commander",20
2025-02,Weatherlight,8
2025-02,Wilds of Eldraine,16
2025-02,Wilds of Eldraine Commander,1
2025-02,Wizards Play Network 2012,0
2025-02,Wizards Play Network 2024,0
2025-02,Worldwake,23
2025-02,Zendikar,32
2025-02,Zendikar Rising,24
2025-03,Adventures in the Forgotten Realms,24
2025-03,Aether Revolt,36
2025-03,Aetherdrift,68
2025-03,Aetherdrift Commander,2
2025-03,Alara Reborn,13
2025-03,Alliances,53
2025-03,Amonkhet,12
2025-03,Amonkhet Invocations,1
2025-03,Antiquities,25
2025-03,Apocalypse,20
2025-03,Arabian Nights,0
2025-03,Arena League 2003,0
2025-03,Arena League 2004,21
2025-03,Arena League 2006,0
2025-03,Assassin's Creed,5
2025-03,Avacyn Restored,27
2025-03,Avacyn Restored Promos,0
2025-03,Avatar: The Last Airbender,0
2025-03,Avatar: The Last Airbender Eternal,0
2025-03,Battle for Zendikar,8
2025-03,Battlebond,28
2025-03,Betrayers of Kamigawa,17
2025-03,Bloomburrow,42
2025-03,Bloomburrow Commander,9
2025-03,Born of the Gods,9
2025-03,Champions of Kamigawa,25
2025-03,Coldsnap,15
2025-03,Commander 2011,17
2025-03,Commander 2013,7
2025-03,Commander 2014,9
2025-03,Commander 2015,6
2025-03,Commander 2016,0
2025-03,Commander 2018,16
2025-03,Commander 2019,17
2025-03,Commander 2020,0
2025-03,Commander 2021,22
2025-03,Commander Legends,39
2025-03,Commander Legends: Battle for Baldur's Gate,114
2025-03,Commander Masters,4
2025-03,Conflux,70
2025-03,Conspiracy,4
2025-03,Conspiracy: Take the Crown,34
2025-03,Core Set 2019,4
2025-03,Core Set 2020,37
2025-03,Core Set 2021,6
2025-03,Crimson Vow Commander,0
2025-03,Dark Ascension,33
2025-03,Dark Ascension Promos,0
2025-03,Darksteel,47
2025-03,Dissension,41
2025-03,Doctor Who,9
2025-03,Dominaria,13
2025-03,Dominaria United,53
2025-03,Dominaria United Commander,1
2025-03,Dragon's Maze,3
2025-03,Dragon's Maze Promos,0
2025-03,Dragons of Tarkir,1
2025-03,Duel Decks: Blessed vs. Cursed,0
2025-03,Duel Decks: Izzet vs. Golgari,0
2025-03,Duel Decks: Zendikar vs. Eldrazi,0
2025-03,Duskmourn: House of Horror,129
2025-03,Duskmourn: House of Horror Commander,29
2025-03,Edge of Eternities,0
2025-03,Edge of Eternities Commander,0
2025-03,Eldritch Moon,49
2025-03,Eventide,4
2025-03,Exodus,24
2025-03,Fallen Empires,8
2025-03,Fallout,31
2025-03,Fate Reforged,1
2025-03,Fifth Dawn,52
2025-03,Final Fantasy,0
2025-03,Final Fantasy Commander,0
2025-03,Forgotten Realms Commander,3
2025-03,Foundations,15
2025-03,Foundations Jumpstart,23
2025-03,Friday Night Magic 2003,0
2025-03,Friday Night Magic 2011,1
2025-03,Friday Night Magic 2012,1
2025-03,Friday Night Magic 2013,1
2025-03,Friday Night Magic 2014,0
2025-03,Friday Night Magic 2015,0
2025-03,Friday Night Magic 2016,0
2025-03,Friday Night Magic 2017,42
2025-03,From the Vault: Legends,0
2025-03,Future Sight,52
2025-03,Game Day Promos,6
2025-03,Gatecrash,1
2025-03,Guildpact,8
2025-03,Guilds of Ravnica,19
2025-03,HarperPrism Book Promos,10
2025-03,Homelands,23
2025-03,Hour of Devastation,19
2025-03,Ice Age,112
2025-03,Ikoria: Lair of Behemoths,14
2025-03,Innistrad,47
2025-03,Innistrad: Crimson Vow,43
2025-03,Innistrad: Midnight Hunt,96
2025-03,Invasion,32
2025-03,Ixalan,4
2025-03,Journey into Nyx,2
2025-03,Journey into Nyx Promos,0
2025-03,Judge Gift Cards 1998,0
2025-03,Judgment,21
2025-03,Jumpstart,3
2025-03,Jumpstart 2022,0
2025-03,Jurassic World Collection,2
2025-03,Kaladesh,17
2025-03,Kaladesh Inventions,9
2025-03,Kaldheim,21
2025-03,Kamigawa: Neon Dynasty,84
2025-03,Khans of Tarkir,15
2025-03,Legends,35
2025-03,Legions,6
2025-03,Limited Edition Alpha,460
2025-03,Limited Edition Beta,0
2025-03,Lorwyn,110
2025-03,Lorwyn Eclipsed,0
2025-03,Lorwyn Eclipsed Commander,0
2025-03,Lorwyn Promos,0
2025-03,MTG Arena Promos,0
2025-03,Magic 2010,12
2025-03,Magic 2010 Promos,0
2025-03,Magic 2011,59
2025-03,Magic 2011 Promos,0
2025-03,Magic 2012,6
2025-03,Magic 2013,3
2025-03,Magic 2014,19
2025-03,Magic 2015,0
2025-03,Magic 2015 Promos,8
2025-03,Magic Origins,8
2025-03,MagicFest 2025,0
2025-03,March of the Machine,23
2025-03,March of the Machine Commander,12
2025-03,March of the Machine: The Aftermath,7
2025-03,Mercadian Masques,19
2025-03,Mirage,82
2025-03,Mirrodin,135
2025-03,Mirrodin Besieged,25
2025-03,Mirrodin Besieged Promos,2
2025-03,Modern Horizons,176
2025-03,Modern Horizons 2,437
2025-03,Modern Horizons 3,379
2025-03,Modern Horizons 3 Commander,63
2025-03,Morningtide,11
2025-03,Murders at Karlov Manor,47
2025-03,Murders at Karlov Manor Commander,1
2025-03,Nemesis,27
2025-03,Neon Dynasty Commander,3
2025-03,New Capenna Commander,5
2025-03,New Phyrexia,137
2025-03,New Phyrexia Promos,8
2025-03,Oath of the Gatewatch,4
2025-03,Odyssey,38
2025-03,Onslaught,8
2025-03,Outlaws of Thunder Junction,31
2025-03,Outlaws of Thunder Junction Commander,0
2025-03,Phyrexia: All Will Be One,55
2025-03,Phyrexia: All Will Be One Commander,3
2025-03,Planar Chaos,13
2025-03,Planechase 2012,16
2025-03,Planeshift,20
2025-03,Portal,13
2025-03,Portal Second Age,24
2025-03,Portal Three Kingdoms,14
2025-03,Prophecy,2
2025-03,Ravnica Allegiance,4
2025-03,Ravnica: City of Guilds,67
2025-03,Ravnica: Clue Edition,21
2025-03,Return to Ravnica,62
2025-03,Return to Ravnica Promos,5
2025-03,Rise of the Eldrazi,79
2025-03,Rivals of Ixalan,0
2025-03,Salvat 2005,2
2025-03,San Diego Comic-Con 2013,0
2025-03,San Diego Comic-Con 2015,5
2025-03,Saviors of Kamigawa,2
2025-03,Scars of Mirrodin,34
2025-03,Scars of Mirrodin Promos,2
2025-03,Scourge,27
2025-03,Secret Lair Drop,2
2025-03,Shadowmoor,7
2025-03,Shadows over Innistrad,13
2025-03,Shards of Alara,43
2025-03,Spotlight Series,0
2025-03,Starter 1999,2
2025-03,Streets of New Capenna,6
2025-03,Streets of New Capenna Promos,26
2025-03,Strixhaven Mystical Archive,0
2025-03,Strixhaven: School of Mages,37
2025-03,Stronghold,83
2025-03,Tales of Middle-earth Commander,44
2025-03,Tarkir: Dragonstorm,2
2025-03,Tarkir: Dragonstorm Commander,0
2025-03,Teenage Mutant Ninja Turtles,0
2025-03,Teenage Mutant Ninja Turtles Eternal,0
2025-03,Tempest,71
2025-03,The Big Score,12
2025-03,The Brothers' War,48
2025-03,The Brothers' War Commander,0
2025-03,The Dark,24
2025-03,The List,3
2025-03,The Lord of the Rings: Tales of Middle-earth,237
2025-03,The Lost Caverns of Ixalan,120
2025-03,The Lost Caverns of Ixalan Commander,22
2025-03,Theros,4
2025-03,Theros Beyond Death,75
2025-03,Theros Promos,2
2025-03,Throne of Eldraine,121
2025-03,Through the Omenpaths,0
2025-03,Time Spiral,14
2025-03,Time Spiral Promos,2
2025-03,Torment,8
2025-03,Transformers,0
2025-03,Treasure Chest,0
2025-03,Ugin's Fate,0
2025-03,Unfinity,20
2025-03,Urza's Destiny,2
2025-03,Urza's Legacy,116
2025-03,Urza's Saga,85
2025-03,Visions,50
2025-03,War of the Spark,112
2025-03,"Warhammer 40,000 Commander",42
2025-03,Weatherlight,8
2025-03,Wilds of Eldraine,37
2025-03,Wilds of Eldraine Commander,2
2025-03,Wizards Play Network 2012,0
2025-03,Wizards Play Network 2024,0
2025-03,Worldwake,49
2025-03,Zendikar,62
2025-03,Zendikar Rising,35
2025-04,Adventures in the Forgotten Realms,4
2025-04,Aether Revolt,13
2025-04,Aetherdrift,39
2025-04,Aetherdrift Commander,2
2025-04,Alara Reborn,12
2025-04,Alliances,61
2025-04,Amonkhet,12
2025-04,Amonkhet Invocations,0
2025-04,Antiquities,7
2025-04,Apocalypse,21
2025-04,Arabian Nights,0
2025-04,Arena League 2003,0
2025-04,Arena League 2004,29
2025-04,Arena League 2006,0
2025-04,Assassin's Creed,4
2025-04,Avacyn Restored,22
2025-04,Avacyn Restored Promos,1
2025-04,Avatar: The Last Airbender,0
2025-04,Avatar: The Last Airbender Eternal,0
2025-04,Battle for Zendikar,2
2025-04,Battlebond,29
2025-04,Betrayers of Kamigawa,4
2025-04,Bloomburrow,31
2025-04,Bloomburrow Commander,3
2025-04,Born of the Gods,4
2025-04,Champions of Kamigawa,11
2025-04,Coldsnap,15
2025-04,Commander 2011,9
2025-04,Commander 2013,9
2025-04,Commander 2014,8
2025-04,Commander 2015,9
2025-04,Commander 2016,0
2025-04,Commander 2018,4
2025-04,Commander 2019,14
2025-04,Commander 2020,0
2025-04,Commander 2021,21
2025-04,Commander Legends,48
2025-04,Commander Legends: Battle for Baldur's Gate,70
2025-04,Commander Masters,0
2025-04,Conflux,51
2025-04,Conspiracy,4
2025-04,Conspiracy: Take the Crown,25
2025-04,Core Set 2019,5
2025-04,Core Set 2020,18
2025-04,Core Set 2021,4
2025-04,Crimson Vow Commander,2
2025-04,Dark Ascension,25
2025-04,Dark Ascension Promos,0
2025-04,Darksteel,20
2025-04,Dissension,34
2025-04,Doctor Who,5
2025-04,Dominaria,7
2025-04,Dominaria United,47
2025-04,Dominaria United Commander,0
2025-04,Dragon's Maze,2
2025-04,Dragon's Maze Promos,0
2025-04,Dragons of Tarkir,7
2025-04,Duel Decks: Blessed vs. Cursed,0
2025-04,Duel Decks: Izzet vs. Golgari,0
2025-04,Duel Decks: Zendikar vs. Eldrazi,0
2025-04,Duskmourn: House of Horror,127
2025-04,Duskmourn: House of Horror Commander,25
2025-04,Edge of Eternities,0
2025-04,Edge of Eternities Commander,0
2025-04,Eldritch Moon,31
2025-04,Eventide,2
2025-04,Exodus,28
2025-04,Fallen Empires,10
2025-04,Fallout,26
2025-04,Fate Reforged,0
2025-04,Fifth Dawn,16
2025-04,Final Fantasy,0
2025-04,Final Fantasy Commander,0
2025-04,Forgotten Realms Commander,1
2025-04,Foundations,17
2025-04,Foundations Jumpstart,18
2025-04,Friday Night Magic 2003,0
2025-04,Friday Night Magic 2011,0
2025-04,Friday Night Magic 2012,1
2025-04,Friday Night Magic 2013,0
2025-04,Friday Night Magic 2014,0
2025-04,Friday Night Magic 2015,0
2025-04,Friday Night Magic 2016,0
2025-04,Friday Night Magic 2017,52
2025-04,From the Vault: Legends,0
2025-04,Future Sight,55
2025-04,Game Day Promos,6
2025-04,Gatecrash,4
2025-04,Guildpact,2
2025-04,Guilds of Ravnica,10
2025-04,HarperPrism Book Promos,7
2025-04,Homelands,31
2025-04,Hour of Devastation,15
2025-04,Ice Age,88
2025-04,Ikoria: Lair of Behemoths,10
2025-04,Innistrad,43
2025-04,Innistrad: Crimson Vow,34
2025-04,Innistrad: Midnight Hunt,83
2025-04,Invasion,38
2025-04,Ixalan,5
2025-04,Journey into Nyx,1
2025-04,Journey into Nyx Promos,0
2025-04,Judge Gift Cards 1998,1
2025-04,Judgment,23
2025-04,Jumpstart,0
2025-04,Jumpstart 2022,0
2025-04,Jurassic World Collection,6
2025-04,Kaladesh,15
2025-04,Kaladesh Inventions,2
2025-04,Kaldheim,6
2025-04,Kamigawa: Neon Dynasty,81
2025-04,Khans of Tarkir,21
2025-04,Legends,31
2025-04,Legions,0
2025-04,Limited Edition Alpha,316
2025-04,Limited Edition Beta,0
2025-04,Lorwyn,104
2025-04,Lorwyn Eclipsed,0
2025-04,Lorwyn Eclipsed Commander,0
2025-04,Lorwyn Promos,0
2025-04,MTG Arena Promos,0
2025-04,Magic 2010,9
2025-04,Magic 2010 Promos,0
2025-04,Magic 2011,54
2025-04,Magic 2011 Promos,0
2025-04,Magic 2012,6
2025-04,Magic 2013,3
2025-04,Magic 2014,4
2025-04,Magic 2015,0
2025-04,Magic 2015 Promos,2
2025-04,Magic Origins,0
2025-04,MagicFest 2025,0
2025-04,March of the Machine,20
2025-04,March of the Machine Commander,13
2025-04,March of the Machine: The Aftermath,7
2025-04,Mercadian Masques,25
2025-04,Mirage,68
2025-04,Mirrodin,57
2025-04,Mirrodin Besieged,10
2025-04,Mirrodin Besieged Promos,1
2025-04,Modern Horizons,107
2025-04,Modern Horizons 2,366
2025-04,Modern Horizons 3,332
2025-04,Modern Horizons 3 Commander,72
2025-04,Morningtide,6
2025-04,Murders at Karlov Manor,36
2025-04,Murders at Karlov Manor Commander,0
2025-04,Nemesis,36
2025-04,Neon Dynasty Commander,0
2025-04,New Capenna Commander,4
2025-04,New Phyrexia,126
2025-04,New Phyrexia Promos,2
2025-04,Oath of the Gatewatch,0
2025-04,Odyssey,26
2025-04,Onslaught,3
2025-04,Outlaws of Thunder Junction,31
2025-04,Outlaws of Thunder Junction Commander,0
2025-04,Phyrexia: All Will Be One,17
2025-04,Phyrexia: All Will Be One Commander,2
2025-04,Planar Chaos,6
2025-04,Planechase 2012,17
2025-04,Planeshift,26
2025-04,Portal,9
2025-04,Portal Second Age,30
2025-04,Portal Three Kingdoms,7
2025-04,Prophecy,7
2025-04,Ravnica Allegiance,5
2025-04,Ravnica: City of Guilds,68
2025-04,Ravnica: Clue Edition,25
2025-04,Return to Ravnica,55
2025-04,Return to Ravnica Promos,8
2025-04,Rise of the Eldrazi,77
2025-04,Rivals of Ixalan,0
2025-04,Salvat 2005,5
2025-04,San Diego Comic-Con 2013,0
2025-04,San Diego Comic-Con 2015,6
2025-04,Saviors of Kamigawa,0
2025-04,Scars of Mirrodin,11
2025-04,Scars of Mirrodin Promos,0
2025-04,Scourge,14
2025-04,Secret Lair Drop,2
2025-04,Shadowmoor,3
2025-04,Shadows over Innistrad,8
2025-04,Shards of Alara,21
2025-04,Spotlight Series,0
2025-04,Starter 1999,7
2025-04,Streets of New Capenna,6
2025-04,Streets of New Capenna Promos,28
2025-04,Strixhaven Mystical Archive,0
2025-04,Strixhaven: School of Mages,40
2025-04,Stronghold,50
2025-04,Tales of Middle-earth Commander,30
2025-04,Tarkir: Dragonstorm,67
2025-04,Tarkir: Dragonstorm Commander,3
2025-04,Teenage Mutant Ninja Turtles,0
2025-04,Teenage Mutant Ninja Turtles Eternal,0
2025-04,Tempest,50
2025-04,The Big Score,9
2025-04,The Brothers' War,36
2025-04,The Brothers' War Commander,0
2025-04,The Dark,18
2025-04,The List,2
2025-04,The Lord of the Rings: Tales of Middle-earth,220
2025-04,The Lost Caverns of Ixalan,97
2025-04,The Lost Caverns of Ixalan Commander,17
2025-04,Theros,3
2025-04,Theros Beyond Death,50
2025-04,Theros Promos,2
2025-04,Throne of Eldraine,77
2025-04,Through the Omenpaths,0
2025-04,Time Spiral,5
2025-04,Time Spiral Promos,0
2025-04,Torment,6
2025-04,Transformers,2
2025-04,Treasure Chest,1
2025-04,Ugin's Fate,0
2025-04,Unfinity,10
2025-04,Urza's Destiny,4
2025-04,Urza's Legacy,55
2025-04,Urza's Saga,69
2025-04,Visions,40
2025-04,War of the Spark,66
2025-04,"Warhammer 40,000 Commander",24
2025-04,Weatherlight,7
2025-04,Wilds of Eldraine,13
2025-04,Wilds of Eldraine Commander,0
2025-04,Wizards Play Network 2012,0
2025-04,Wizards Play Network 2024,0
2025-04,Worldwake,14
2025-04,Zendikar,52
2025-04,Zendikar Rising,25
2025-05,Adventures in the Forgotten Realms,13
2025-05,Aether Revolt,27
2025-05,Aetherdrift,55
2025-05,Aetherdrift Commander,0
2025-05,Alara Reborn,16
2025-05,Alliances,59
2025-05,Amonkhet,7
2025-05,Amonkhet Invocations,1
2025-05,Antiquities,18
2025-05,Apocalypse,31
2025-05,Arabian Nights,0
2025-05,Arena League 2003,0
2025-05,Arena League 2004,30
2025-05,Arena League 2006,2
2025-05,Assassin's Creed,8
2025-05,Avacyn Restored,29
2025-05,Avacyn Restored Promos,1
2025-05,Avatar: The Last Airbender,0
2025-05,Avatar: The Last Airbender Eternal,0
2025-05,Battle for Zendikar,6
2025-05,Battlebond,25
2025-05,Betrayers of Kamigawa,15
2025-05,Bloomburrow,35
2025-05,Bloomburrow Commander,5
2025-05,Born of the Gods,2
2025-05,Champions of Kamigawa,23
2025-05,Coldsnap,11
2025-05,Commander 2011,10
2025-05,Commander 2013,15
2025-05,Commander 2014,7
2025-05,Commander 2015,9
2025-05,Commander 2016,1
2025-05,Commander 2018,10
2025-05,Commander 2019,11
2025-05,Commander 2020,2
2025-05,Commander 2021,18
2025-05,Commander Legends,54
2025-05,Commander Legends: Battle for Baldur's Gate,92
2025-05,Commander Masters,0
2025-05,Conflux,75
2025-05,Conspiracy,4
2025-05,Conspiracy: Take the Crown,41
2025-05,Core Set 2019,7
2025-05,Core Set 2020,30
2025-05,Core Set 2021,10
2025-05,Crimson Vow Commander,0
2025-05,Dark Ascension,32
2025-05,Dark Ascension Promos,0
2025-05,Darksteel,40
2025-05,Dissension,48
2025-05,Doctor Who,5
2025-05,Dominaria,14
2025-05,Dominaria United,65
2025-05,Dominaria United Commander,1
2025-05,Dragon's Maze,2
2025-05,Dragon's Maze Promos,0
2025-05,Dragons of Tarkir,6
2025-05,Duel Decks: Blessed vs. Cursed,0
2025-05,Duel Decks: Izzet vs. Golgari,0
2025-05,Duel Decks: Zendikar vs. Eldrazi,0
2025-05,Duskmourn: House of Horror,132
2025-05,Duskmourn: House of Horror Commander,29
2025-05,Edge of Eternities,0
2025-05,Edge of Eternities Commander,0
2025-05,Eldritch Moon,49
2025-05,Eventide,1
2025-05,Exodus,27
2025-05,Fallen Empires,14
2025-05,Fallout,21
2025-05,Fate Reforged,2
2025-05,Fifth Dawn,23
2025-05,Final Fantasy,0
2025-05,Final Fantasy Commander,0
2025-05,Forgotten Realms Commander,2
2025-05,Foundations,17
2025-05,Foundations Jumpstart,18
2025-05,Friday Night Magic 2003,0
2025-05,Friday Night Magic 2011,0
2025-05,Friday Night Magic 2012,1
2025-05,Friday Night Magic 2013,0
2025-05,Friday Night Magic 2014,0
2025-05,Friday Night Magic 2015,0
2025-05,Friday Night Magic 2016,0
2025-05,Friday Night Magic 2017,47
2025-05,From the Vault: Legends,0
2025-05,Future Sight,54
2025-05,Game Day Promos,7
2025-05,Gatecrash,3
2025-05,Guildpact,4
2025-05,Guilds of Ravnica,16
2025-05,HarperPrism Book Promos,8
2025-05,Homelands,28
2025-05,Hour of Devastation,9
2025-05,Ice Age,94
2025-05,Ikoria: Lair of Behemoths,17
2025-05,Innistrad,50
2025-05,Innistrad: Crimson Vow,33
2025-05,Innistrad: Midnight Hunt,102
2025-05,Invasion,44
2025-05,Ixalan,8
2025-05,Journey into Nyx,1
2025-05,Journey into Nyx Promos,0
2025-05,Judge Gift Cards 1998,1
2025-05,Judgment,23
2025-05,Jumpstart,1
2025-05,Jumpstart 2022,3
2025-05,Jurassic World Collection,4
2025-05,Kaladesh,15
2025-05,Kaladesh Inventions,8
2025-05,Kaldheim,15
2025-05,Kamigawa: Neon Dynasty,104
2025-05,Khans of Tarkir,26
2025-05,Legends,33
2025-05,Legions,3
2025-05,Limited Edition Alpha,412
2025-05,Limited Edition Beta,0
2025-05,Lorwyn,116
2025-05,Lorwyn Eclipsed,0
2025-05,Lorwyn Eclipsed Commander,0
2025-05,Lorwyn Promos,0
2025-05,MTG Arena Promos,0
2025-05,Magic 2010,11
2025-05,Magic 2010 Promos,0
2025-05,Magic 2011,54
2025-05,Magic 2011 Promos,0
2025-05,Magic 2012,7
2025-05,Magic 2013,4
2025-05,Magic 2014,9
2025-05,Magic 2015,0
2025-05,Magic 2015 Promos,4
2025-05,Magic Origins,0
2025-05,MagicFest 2025,0
2025-05,March of the Machine,24
2025-05,March of the Machine Commander,11
2025-05,March of the Machine: The Aftermath,15
2025-05,Mercadian Masques,27
2025-05,Mirage,73
2025-05,Mirrodin,100
2025-05,Mirrodin Besieged,18
2025-05,Mirrodin Besieged Promos,3
2025-05,Modern Horizons,175
2025-05,Modern Horizons 2,445
2025-05,Modern Horizons 3,421
2025-05,Modern Horizons 3 Commander,63
2025-05,Morningtide,13
2025-05,Murders at Karlov Manor,49
2025-05,Murders at Karlov Manor Commander,0
2025-05,Nemesis,38
2025-05,Neon Dynasty Commander,3
2025-05,New Capenna Commander,1
2025-05,New Phyrexia,145
2025-05,New Phyrexia Promos,8
2025-05,Oath of the Gatewatch,7
2025-05,Odyssey,23
2025-05,Onslaught,17
2025-05,Outlaws of Thunder Junction,28
2025-05,Outlaws of Thunder Junction Commander,1
2025-05,Phyrexia: All Will Be One,36
2025-05,Phyrexia: All Will Be One Commander,3
2025-05,Planar Chaos,8
2025-05,Planechase 2012,23
2025-05,Planeshift,19
2025-05,Portal,7
2025-05,Portal Second Age,29
2025-05,Portal Three Kingdoms,8
2025-05,Prophecy,2
2025-05,Ravnica Allegiance,8
2025-05,Ravnica: City of Guilds,60
2025-05,Ravnica: Clue Edition,24
2025-05,Return to Ravnica,55
2025-05,Return to Ravnica Promos,6
2025-05,Rise of the Eldrazi,71
2025-05,Rivals of Ixalan,8
2025-05,Salvat 2005,5
2025-05,San Diego Comic-Con 2013,0
2025-05,San Diego Comic-Con 2015,11
2025-05,Saviors of Kamigawa,1
2025-05,Scars of Mirrodin,21
2025-05,Scars of Mirrodin Promos,0
2025-05,Scourge,23
2025-05,Secret Lair Drop,3
2025-05,Shadowmoor,1
2025-05,Shadows over Innistrad,10
2025-05,Shards of Alara,25
2025-05,Spotlight Series,0
2025-05,Starter 1999,2
2025-05,Streets of New Capenna,8
2025-05,Streets of New Capenna Promos,35
2025-05,Strixhaven Mystical Archive,0
2025-05,Strixhaven: School of Mages,43
2025-05,Stronghold,68
2025-05,Tales of Middle-earth Commander,49
2025-05,Tarkir: Dragonstorm,111
2025-05,Tarkir: Dragonstorm Commander,4
2025-05,Teenage Mutant Ninja Turtles,0
2025-05,Teenage Mutant Ninja Turtles Eternal,0
2025-05,Tempest,68
2025-05,The Big Score,8
2025-05,The Brothers' War,28
2025-05,The Brothers' War Commander,0
2025-05,The Dark,18
2025-05,The List,1
2025-05,The Lord of the Rings: Tales of Middle-earth,258
2025-05,The Lost Caverns of Ixalan,128
2025-05,The Lost Caverns of Ixalan Commander,20
2025-05,Theros,2
2025-05,Theros Beyond Death,62
2025-05,Theros Promos,1
2025-05,Throne of Eldraine,97
2025-05,Through the Omenpaths,0
2025-05,Time Spiral,11
2025-05,Time Spiral Promos,0
2025-05,Torment,4
2025-05,Transformers,0
2025-05,Treasure Chest,1
2025-05,Ugin's Fate,0
2025-05,Unfinity,18
2025-05,Urza's Destiny,2
2025-05,Urza's Legacy,102
2025-05,Urza's Saga,76
2025-05,Visions,39
2025-05,War of the Spark,99
2025-05,"Warhammer 40,000 Commander",27
2025-05,Weatherlight,11
2025-05,Wilds of Eldraine,38
2025-05,Wilds of Eldraine Commander,1
2025-05,Wizards Play Network 2012,0
2025-05,Wizards Play Network 2024,0
2025-05,Worldwake,29
2025-05,Zendikar,60
2025-05,Zendikar Rising,48
2025-06,Adventures in the Forgotten Realms,5
2025-06,Aether Revolt,17
2025-06,Aetherdrift,45
2025-06,Aetherdrift Commander,1
2025-06,Alara Reborn,14
2025-06,Alliances,44
2025-06,Amonkhet,3
2025-06,Amonkhet Invocations,0
2025-06,Antiquities,10
2025-06,Apocalypse,29
2025-06,Arabian Nights,0
2025-06,Arena League 2003,0
2025-06,Arena League 2004,20
2025-06,Arena League 2006,2
2025-06,Assassin's Creed,2
2025-06,Avacyn Restored,25
2025-06,Avacyn Restored Promos,1
2025-06,Avatar: The Last Airbender,0
2025-06,Avatar: The Last Airbender Eternal,0
2025-06,Battle for Zendikar,8
2025-06,Battlebond,22
2025-06,Betrayers of Kamigawa,11
2025-06,Bloomburrow,33
2025-06,Bloomburrow Commander,2
2025-06,Born of the Gods,7
2025-06,Champions of Kamigawa,18
2025-06,Coldsnap,12
2025-06,Commander 2011,9
2025-06,Commander 2013,12
2025-06,Commander 2014,12
2025-06,Commander 2015,12
2025-06,Commander 2016,0
2025-06,Commander 2018,6
2025-06,Commander 2019,12
2025-06,Commander 2020,1
2025-06,Commander 2021,23
2025-06,Commander Legends,47
2025-06,Commander Legends: Battle for Baldur's Gate,95
2025-06,Commander Masters,2
2025-06,Conflux,66
2025-06,Conspiracy,6
2025-06,Conspiracy: Take the Crown,30
2025-06,Core Set 2019,5
2025-06,Core Set 2020,21
2025-06,Core Set 2021,6
2025-06,Crimson Vow Commander,0
2025-06,Dark Ascension,29
2025-06,Dark Ascension Promos,0
2025-06,Darksteel,29
2025-06,Dissension,25
2025-06,Doctor Who,6
2025-06,Dominaria,9
2025-06,Dominaria United,62
2025-06,Dominaria United Commander,3
2025-06,Dragon's Maze,1
2025-06,Dragon's Maze Promos,0
2025-06,Dragons of Tarkir,2
2025-06,Duel Decks: Blessed vs. Cursed,0
2025-06,Duel Decks: Izzet vs. Golgari,0
2025-06,Duel Decks: Zendikar vs. Eldrazi,0
2025-06,Duskmourn: House of Horror,131
2025-06,Duskmourn: House of Horror Commander,32
2025-06,Edge of Eternities,0
2025-06,Edge of Eternities Commander,0
2025-06,Eldritch Moon,38
2025-06,Eventide,0
2025-06,Exodus,27
2025-06,Fallen Empires,12
2025-06,Fallout,25
2025-06,Fate Reforged,0
2025-06,Fifth Dawn,24
2025-06,Final Fantasy,23
2025-06,Final Fantasy Commander,14
2025-06,Forgotten Realms Commander,1
2025-06,Foundations,12
2025-06,Foundations Jumpstart,21
2025-06,Friday Night Magic 2003,0
2025-06,Friday Night Magic 2011,1
2025-06,Friday Night Magic 2012,0
2025-06,Friday Night Magic 2013,0
2025-06,Friday Night Magic 2014,0
2025-06,Friday Night Magic 2015,0
2025-06,Friday Night Magic 2016,0
2025-06,Friday Night Magic 2017,44
2025-06,From the Vault: Legends,0
2025-06,Future Sight,52
2025-06,Game Day Promos,2
2025-06,Gatecrash,3
2025-06,Guildpact,2
2025-06,Guilds of Ravnica,23
2025-06,HarperPrism Book Promos,14
2025-06,Homelands,9
2025-06,Hour of Devastation,13
2025-06,Ice Age,78
2025-06,Ikoria: Lair of Behemoths,18
2025-06,Innistrad,39
2025-06,Innistrad: Crimson Vow,28
2025-06,Innistrad: Midnight Hunt,84
2025-06,Invasion,26
2025-06,Ixalan,7
2025-06,Journey into Nyx,0
2025-06,Journey into Nyx Promos,0
2025-06,Judge Gift Cards 1998,0
2025-06,Judgment,15
2025-06,Jumpstart,1
2025-06,Jumpstart 2022,1
2025-06,Jurassic World Collection,5
2025-06,Kaladesh,10
2025-06,Kaladesh Inventions,3
2025-06,Kaldheim,5
2025-06,Kamigawa: Neon Dynasty,86
2025-06,Khans of Tarkir,14
2025-06,Legends,40
2025-06,Legions,1
2025-06,Limited Edition Alpha,341
2025-06,Limited Edition Beta,0
2025-06,Lorwyn,97
2025-06,Lorwyn Eclipsed,0
2025-06,Lorwyn Eclipsed Commander,0
2025-06,Lorwyn Promos,0
2025-06,MTG Arena Promos,0
2025-06,Magic 2010,3
2025-06,Magic 2010 Promos,0
2025-06,Magic 2011,47
2025-06,Magic 2011 Promos,0
2025-06,Magic 2012,5
2025-06,Magic 2013,6
2025-06,Magic 2014,6
2025-06,Magic 2015,0
2025-06,Magic 2015 Promos,4
2025-06,Magic Origins,2
2025-06,MagicFest 2025,0
2025-06,March of the Machine,16
2025-06,March of the Machine Commander,17
2025-06,March of the Machine: The Aftermath,11
2025-06,Mercadian Masques,24
2025-06,Mirage,58
2025-06,Mirrodin,77
2025-06,Mirrodin Besieged,17
2025-06,Mirrodin Besieged Promos,0
2025-06,Modern Horizons,139
2025-06,Modern Horizons 2,374
2025-06,Modern Horizons 3,350
2025-06,Modern Horizons 3 Commander,73
2025-06,Morningtide,11
2025-06,Murders at Karlov Manor,36
2025-06,Murders at Karlov Manor Commander,3
2025-06,Nemesis,21
2025-06,Neon Dynasty Commander,3
2025-06,New Capenna Commander,2
2025-06,New Phyrexia,132
2025-06,New Phyrexia Promos,3
2025-06,Oath of the Gatewatch,6
2025-06,Odyssey,21
2025-06,Onslaught,6
2025-06,Outlaws of Thunder Junction,26
2025-06,Outlaws of Thunder Junction Commander,0
2025-06,Phyrexia: All Will Be One,37
2025-06,Phyrexia: All Will Be One Commander,0
2025-06,Planar Chaos,8
2025-06,Planechase 2012,15
2025-06,Planeshift,14
2025-06,Portal,8
2025-06,Portal Second Age,23
2025-06,Portal Three Kingdoms,13
2025-06,Prophecy,0
2025-06,Ravnica Allegiance,5
2025-06,Ravnica: City of Guilds,59
2025-06,Ravnica: Clue Edition,36
2025-06,Return to Ravnica,59
2025-06,Return to Ravnica Promos,7
2025-06,Rise of the Eldrazi,64
2025-06,Rivals of Ixalan,4
2025-06,Salvat 2005,1
2025-06,San Diego Comic-Con 2013,0
2025-06,San Diego Comic-Con 2015,4
2025-06,Saviors of Kamigawa,0
2025-06,Scars of Mirrodin,16
2025-06,Scars of Mirrodin Promos,0
2025-06,Scourge,12
2025-06,Secret Lair Drop,5
2025-06,Shadowmoor,4
2025-06,Shadows over Innistrad,9
2025-06,Shards of Alara,28
2025-06,Spotlight Series,8
2025-06,Starter 1999,0
2025-06,Streets of New Capenna,4
2025-06,Streets of New Capenna Promos,26
2025-06,Strixhaven Mystical Archive,0
2025-06,Strixhaven: School of Mages,34
2025-06,Stronghold,61
2025-06,Tales of Middle-earth Commander,44
2025-06,Tarkir: Dragonstorm,127
2025-06,Tarkir: Dragonstorm Commander,2
2025-06,Teenage Mutant Ninja Turtles,0
2025-06,Teenage Mutant Ninja Turtles Eternal,0
2025-06,Tempest,56
2025-06,The Big Score,10
2025-06,The Brothers' War,33
2025-06,The Brothers' War Commander,0
2025-06,The Dark,21
2025-06,The List,3
2025-06,The Lord of the Rings: Tales of Middle-earth,230
2025-06,The Lost Caverns of Ixalan,149
2025-06,The Lost Caverns of Ixalan Commander,24
2025-06,Theros,1
2025-06,Theros Beyond Death,69
2025-06,Theros Promos,4
2025-06,Throne of Eldraine,106
2025-06,Through the Omenpaths,0
2025-06,Time Spiral,10
2025-06,Time Spiral Promos,0
2025-06,Torment,2
2025-06,Transformers,0
2025-06,Treasure Chest,1
2025-06,Ugin's Fate,1
2025-06,Unfinity,10
2025-06,Urza's Destiny,1
2025-06,Urza's Legacy,81
2025-06,Urza's Saga,72
2025-06,Visions,31
2025-06,War of the Spark,103
2025-06,"Warhammer 40,000 Commander",31
2025-06,Weatherlight,6
2025-06,Wilds of Eldraine,19
2025-06,Wilds of Eldraine Commander,1
2025-06,Wizards Play Network 2012,0
2025-06,Wizards Play Network 2024,0
2025-06,Worldwake,28
2025-06,Zendikar,43
2025-06,Zendikar Rising,40
2025-07,Adventures in the Forgotten Realms,7
2025-07,Aether Revolt,17
2025-07,Aetherdrift,40
2025-07,Aetherdrift Commander,0
2025-07,Alara Reborn,26
2025-07,Alliances,47
2025-07,Amonkhet,4
2025-07,Amonkhet Invocations,0
2025-07,Antiquities,9
2025-07,Apocalypse,23
2025-07,Arabian Nights,0
2025-07,Arena League 2003,0
2025-07,Arena League 2004,14
2025-07,Arena League 2006,0
2025-07,Assassin's Creed,2
2025-07,Avacyn Restored,14
2025-07,Avacyn Restored Promos,0
2025-07,Avatar: The Last Airbender,0
2025-07,Avatar: The Last Airbender Eternal,0
2025-07,Battle for Zendikar,10
2025-07,Battlebond,18
2025-07,Betrayers of Kamigawa,10
2025-07,Bloomburrow,43
2025-07,Bloomburrow Commander,1
2025-07,Born of the Gods,6
2025-07,Champions of Kamigawa,11
2025-07,Coldsnap,10
2025-07,Commander 2011,9
2025-07,Commander 2013,12
2025-07,Commander 2014,4
2025-07,Commander 2015,6
2025-07,Commander 2016,2
2025-07,Commander 2018,8
2025-07,Commander 2019,11
2025-07,Commander 2020,2
2025-07,Commander 2021,17
2025-07,Commander Legends,36
2025-07,Commander Legends: Battle for Baldur's Gate,58
2025-07,Commander Masters,0
2025-07,Conflux,42
2025-07,Conspiracy,6
2025-07,Conspiracy: Take the Crown,15
2025-07,Core Set 2019,8
2025-07,Core Set 2020,17
2025-07,Core Set 2021,4
2025-07,Crimson Vow Commander,1
2025-07,Dark Ascension,26
2025-07,Dark Ascension Promos,0
2025-07,Darksteel,27
2025-07,Dissension,25
2025-07,Doctor Who,6
2025-07,Dominaria,10
2025-07,Dominaria United,40
2025-07,Dominaria United Commander,3
2025-07,Dragon's Maze,0
2025-07,Dragon's Maze Promos,0
2025-07,Dragons of Tarkir,4
2025-07,Duel Decks: Blessed vs. Cursed,0
2025-07,Duel Decks: Izzet vs. Golgari,1
2025-07,Duel Decks: Zendikar vs. Eldrazi,0
2025-07,Duskmourn: House of Horror,104
2025-07,Duskmourn: House of Horror Commander,23
2025-07,Edge of Eternities,11
2025-07,Edge of Eternities Commander,0
2025-07,Eldritch Moon,26
2025-07,Eventide,1
2025-07,Exodus,15
2025-07,Fallen Empires,5
2025-07,Fallout,16
2025-07,Fate Reforged,2
2025-07,Fifth Dawn,29
2025-07,Final Fantasy,26
2025-07,Final Fantasy Commander,14
2025-07,Forgotten Realms Commander,1
2025-07,Foundations,13
2025-07,Foundations Jumpstart,9
2025-07,Friday Night Magic 2003,0
2025-07,Friday Night Magic 2011,0
2025-07,Friday Night Magic 2012,2
2025-07,Friday Night Magic 2013,0
2025-07,Friday Night Magic 2014,0
2025-07,Friday Night Magic 2015,1
2025-07,Friday Night Magic 2016,0
2025-07,Friday Night Magic 2017,31
2025-07,From the Vault: Legends,0
2025-07,Future Sight,33
2025-07,Game Day Promos,1
2025-07,Gatecrash,2
2025-07,Guildpact,3
2025-07,Guilds of Ravnica,12
2025-07,HarperPrism Book Promos,6
2025-07,Homelands,10
2025-07,Hour of Devastation,11
2025-07,Ice Age,60
2025-07,Ikoria: Lair of Behemoths,13
2025-07,Innistrad,30
2025-07,Innistrad: Crimson Vow,23
2025-07,Innistrad: Midnight Hunt,70
2025-07,Invasion,21
2025-07,Ixalan,7
2025-07,Journey into Nyx,1
2025-07,Journey into Nyx Promos,0
2025-07,Judge Gift Cards 1998,0
2025-07,Judgment,13
2025-07,Jumpstart,1
2025-07,Jumpstart 2022,0
2025-07,Jurassic World Collection,2
2025-07,Kaladesh,3
2025-07,Kaladesh Inventions,1
2025-07,Kaldheim,3
2025-07,Kamigawa: Neon Dynasty,60
2025-07,Khans of Tarkir,12
2025-07,Legends,30
2025-07,Legions,0
2025-07,Limited Edition Alpha,247
2025-07,Limited Edition Beta,0
2025-07,Lorwyn,76
2025-07,Lorwyn Eclipsed,0
2025-07,Lorwyn Eclipsed Commander,0
2025-07,Lorwyn Promos,0
2025-07,MTG Arena Promos,0
2025-07,Magic 2010,5
2025-07,Magic 2010 Promos,0
2025-07,Magic 2011,37
2025-07,Magic 2011 Promos,0
2025-07,Magic 2012,3
2025-07,Magic 2013,1
2025-07,Magic 2014,5
2025-07,Magic 2015,0
2025-07,Magic 2015 Promos,2
2025-07,Magic Origins,3
2025-07,MagicFest 2025,0
2025-07,March of the Machine,19
2025-07,March of the Machine Commander,14
2025-07,March of the Machine: The Aftermath,14
2025-07,Mercadian Masques,21
2025-07,Mirage,45
2025-07,Mirrodin,68
2025-07,Mirrodin Besieged,10
2025-07,Mirrodin Besieged Promos,0
2025-07,Modern Horizons,113
2025-07,Modern Horizons 2,294
2025-07,Modern Horizons 3,288
2025-07,Modern Horizons 3 Commander,57
2025-07,Morningtide,9
2025-07,Murders at Karlov Manor,27
2025-07,Murders at Karlov Manor Commander,2
2025-07,Nemesis,15
2025-07,Neon Dynasty Commander,5
2025-07,New Capenna Commander,2
2025-07,New Phyrexia,94
2025-07,New Phyrexia Promos,1
2025-07,Oath of the Gatewatch,0
2025-07,Odyssey,17
2025-07,Onslaught,3
2025-07,Outlaws of Thunder Junction,20
2025-07,Outlaws of Thunder Junction Commander,0
2025-07,Phyrexia: All Will Be One,18
2025-07,Phyrexia: All Will Be One Commander,2
2025-07,Planar Chaos,3
2025-07,Planechase 2012,11
2025-07,Planeshift,13
2025-07,Portal,5
2025-07,Portal Second Age,19
2025-07,Portal Three Kingdoms,16
2025-07,Prophecy,2
2025-07,Ravnica Allegiance,10
2025-07,Ravnica: City of Guilds,58
2025-07,Ravnica: Clue Edition,20
2025-07,Return to Ravnica,39
2025-07,Return to Ravnica Promos,2
2025-07,Rise of the Eldrazi,50
2025-07,Rivals of Ixalan,2
2025-07,Salvat 2005,4
2025-07,San Diego Comic-Con 2013,0
2025-07,San Diego Comic-Con 2015,6
2025-07,Saviors of Kamigawa,0
2025-07,Scars of Mirrodin,9
2025-07,Scars of Mirrodin Promos,0
2025-07,Scourge,14
2025-07,Secret Lair Drop,4
2025-07,Shadowmoor,6
2025-07,Shadows over Innistrad,14
2025-07,Shards of Alara,26
2025-07,Spotlight Series,9
2025-07,Starter 1999,4
2025-07,Streets of New Capenna,5
2025-07,Streets of New Capenna Promos,22
2025-07,Strixhaven Mystical Archive,0
2025-07,Strixhaven: School of Mages,34
2025-07,Stronghold,44
2025-07,Tales of Middle-earth Commander,23
2025-07,Tarkir: Dragonstorm,108
2025-07,Tarkir: Dragonstorm Commander,0
2025-07,Teenage Mutant Ninja Turtles,0
2025-07,Teenage Mutant Ninja Turtles Eternal,0
2025-07,Tempest,42
2025-07,The Big Score,2
2025-07,The Brothers' War,33
2025-07,The Brothers' War Commander,0
2025-07,The Dark,12
2025-07,The List,0
2025-07,The Lord of the Rings: Tales of Middle-earth,176
2025-07,The Lost Caverns of Ixalan,118
2025-07,The Lost Caverns of Ixalan Commander,18
2025-07,Theros,1
2025-07,Theros Beyond Death,56
2025-07,Theros Promos,2
2025-07,Throne of Eldraine,64
2025-07,Through the Omenpaths,0
2025-07,Time Spiral,11
2025-07,Time Spiral Promos,0
2025-07,Torment,3
2025-07,Transformers,0
2025-07,Treasure Chest,1
2025-07,Ugin's Fate,1
2025-07,Unfinity,7
2025-07,Urza's Destiny,1
2025-07,Urza's Legacy,52
2025-07,Urza's Saga,52
2025-07,Visions,20
2025-07,War of the Spark,60
2025-07,"Warhammer 40,000 Commander",20
2025-07,Weatherlight,11
2025-07,Wilds of Eldraine,18
2025-07,Wilds of Eldraine Commander,0
2025-07,Wizards Play Network 2012,0
2025-07,Wizards Play Network 2024,0
2025-07,Worldwake,19
2025-07,Zendikar,39
2025-07,Zendikar Rising,28
2025-08,Adventures in the Forgotten Realms,11
2025-08,Aether Revolt,21
2025-08,Aetherdrift,66
2025-08,Aetherdrift Commander,1
2025-08,Alara Reborn,31
2025-08,Alliances,68
2025-08,Amonkhet,11
2025-08,Amonkhet Invocations,0
2025-08,Antiquities,22
2025-08,Apocalypse,25
2025-08,Arabian Nights,0
2025-08,Arena League 2003,0
2025-08,Arena League 2004,18
2025-08,Arena League 2006,1
2025-08,Assassin's Creed,5
2025-08,Avacyn Restored,26
2025-08,Avacyn Restored Promos,0
2025-08,Avatar: The Last Airbender,0
2025-08,Avatar: The Last Airbender Eternal,0
2025-08,Battle for Zendikar,5
2025-08,Battlebond,28
2025-08,Betrayers of Kamigawa,7
2025-08,Bloomburrow,49
2025-08,Bloomburrow Commander,3
2025-08,Born of the Gods,5
2025-08,Champions of Kamigawa,25
2025-08,Coldsnap,15
2025-08,Commander 2011,11
2025-08,Commander 2013,15
2025-08,Commander 2014,12
2025-08,Commander 2015,19
2025-08,Commander 2016,2
2025-08,Commander 2018,9
2025-08,Commander 2019,13
2025-08,Commander 2020,1
2025-08,Commander 2021,36
2025-08,Commander Legends,75
2025-08,Commander Legends: Battle for Baldur's Gate,120
2025-08,Commander Masters,0
2025-08,Conflux,80
2025-08,Conspiracy,4
2025-08,Conspiracy: Take the Crown,26
2025-08,Core Set 2019,6
2025-08,Core Set 2020,25
2025-08,Core Set 2021,4
2025-08,Crimson Vow Commander,2
2025-08,Dark Ascension,36
2025-08,Dark Ascension Promos,0
2025-08,Darksteel,40
2025-08,Dissension,41
2025-08,Doctor Who,17
2025-08,Dominaria,18
2025-08,Dominaria United,61
2025-08,Dominaria United Commander,2
2025-08,Dragon's Maze,3
2025-08,Dragon's Maze Promos,0
2025-08,Dragons of Tarkir,5
2025-08,Duel Decks: Blessed vs. Cursed,0
2025-08,Duel Decks: Izzet vs. Golgari,1
2025-08,Duel Decks: Zendikar vs. Eldrazi,0
2025-08,Duskmourn: House of Horror,167
2025-08,Duskmourn: House of Horror Commander,32
2025-08,Edge of Eternities,79
2025-08,Edge of Eternities Commander,1
2025-08,Eldritch Moon,36
2025-08,Eventide,2
2025-08,Exodus,28
2025-08,Fallen Empires,9
2025-08,Fallout,27
2025-08,Fate Reforged,1
2025-08,Fifth Dawn,33
2025-08,Final Fantasy,42
2025-08,Final Fantasy Commander,19
2025-08,Forgotten Realms Commander,4
2025-08,Foundations,17
2025-08,Foundations Jumpstart,29
2025-08,Friday Night Magic 2003,0
2025-08,Friday Night Magic 2011,3
2025-08,Friday Night Magic 2012,0
2025-08,Friday Night Magic 2013,0
2025-08,Friday Night Magic 2014,0
2025-08,Friday Night Magic 2015,0
2025-08,Friday Night Magic 2016,0
2025-08,Friday Night Magic 2017,51
2025-08,From the Vault: Legends,0
2025-08,Future Sight,57
2025-08,Game Day Promos,3
2025-08,Gatecrash,3
2025-08,Guildpact,3
2025-08,Guilds of Ravnica,18
2025-08,HarperPrism Book Promos,12
2025-08,Homelands,20
2025-08,Hour of Devastation,23
2025-08,Ice Age,116
2025-08,Ikoria: Lair of Behemoths,15
2025-08,Innistrad,54
2025-08,Innistrad: Crimson Vow,42
2025-08,Innistrad: Midnight Hunt,98
2025-08,Invasion,32
2025-08,Ixalan,5
2025-08,Journey into Nyx,1
2025-08,Journey into Nyx Promos,1
2025-08,Judge Gift Cards 1998,0
2025-08,Judgment,20
2025-08,Jumpstart,0
2025-08,Jumpstart 2022,1
2025-08,Jurassic World Collection,1
2025-08,Kaladesh,14
2025-08,Kaladesh Inventions,6
2025-08,Kaldheim,9
2025-08,Kamigawa: Neon Dynasty,113
2025-08,Khans of Tarkir,12
2025-08,Legends,47
2025-08,Legions,1
2025-08,Limited Edition Alpha,462
2025-08,Limited Edition Beta,0
2025-08,Lorwyn,122
2025-08,Lorwyn Eclipsed,0
2025-08,Lorwyn Eclipsed Commander,0
2025-08,Lorwyn Promos,0
2025-08,MTG Arena Promos,0
2025-08,Magic 2010,14
2025-08,Magic 2010 Promos,0
2025-08,Magic 2011,58
2025-08,Magic 2011 Promos,0
2025-08,Magic 2012,7
2025-08,Magic 2013,1
2025-08,Magic 2014,11
2025-08,Magic 2015,0
2025-08,Magic 2015 Promos,3
2025-08,Magic Origins,2
2025-08,MagicFest 2025,1
2025-08,March of the Machine,31
2025-08,March of the Machine Commander,19
2025-08,March of the Machine: The Aftermath,19
2025-08,Mercadian Masques,35
2025-08,Mirage,80
2025-08,Mirrodin,111
2025-08,Mirrodin Besieged,18
2025-08,Mirrodin Besieged Promos,0
2025-08,Modern Horizons,167
2025-08,Modern Horizons 2,493
2025-08,Modern Horizons 3,438
2025-08,Modern Horizons 3 Commander,97
2025-08,Morningtide,9
2025-08,Murders at Karlov Manor,61
2025-08,Murders at Karlov Manor Commander,0
2025-08,Nemesis,35
2025-08,Neon Dynasty Commander,5
2025-08,New Capenna Commander,2
2025-08,New Phyrexia,163
2025-08,New Phyrexia Promos,0
2025-08,Oath of the Gatewatch,1
2025-08,Odyssey,32
2025-08,Onslaught,11
2025-08,Outlaws of Thunder Junction,34
2025-08,Outlaws of Thunder Junction Commander,0
2025-08,Phyrexia: All Will Be One,32
2025-08,Phyrexia: All Will Be One Commander,4
2025-08,Planar Chaos,11
2025-08,Planechase 2012,25
2025-08,Planeshift,27
2025-08,Portal,7
2025-08,Portal Second Age,25
2025-08,Portal Three Kingdoms,12
2025-08,Prophecy,3
2025-08,Ravnica Allegiance,5
2025-08,Ravnica: City of Guilds,76
2025-08,Ravnica: Clue Edition,44
2025-08,Return to Ravnica,62
2025-08,Return to Ravnica Promos,7
2025-08,Rise of the Eldrazi,75
2025-08,Rivals of Ixalan,1
2025-08,Salvat 2005,9
2025-08,San Diego Comic-Con 2013,0
2025-08,San Diego Comic-Con 2015,5
2025-08,Saviors of Kamigawa,2
2025-08,Scars of Mirrodin,31
2025-08,Scars of Mirrodin Promos,1
2025-08,Scourge,23
2025-08,Secret Lair Drop,2
2025-08,Shadowmoor,6
2025-08,Shadows over Innistrad,3
2025-08,Shards of Alara,32
2025-08,Spotlight Series,12
2025-08,Starter 1999,5
2025-08,Streets of New Capenna,3
2025-08,Streets of New Capenna Promos,31
2025-08,Strixhaven Mystical Archive,0
2025-08,Strixhaven: School of Mages,41
2025-08,Stronghold,64
2025-08,Tales of Middle-earth Commander,59
2025-08,Tarkir: Dragonstorm,130
2025-08,Tarkir: Dragonstorm Commander,5
2025-08,Teenage Mutant Ninja Turtles,0
2025-08,Teenage Mutant Ninja Turtles Eternal,0
2025-08,Tempest,69
2025-08,The Big Score,9
2025-08,The Brothers' War,38
2025-08,The Brothers' War Commander,0
2025-08,The Dark,30
2025-08,The List,2
2025-08,The Lord of the Rings: Tales of Middle-earth,282
2025-08,The Lost Caverns of Ixalan,175
2025-08,The Lost Caverns of Ixalan Commander,42
2025-08,Theros,2
2025-08,Theros Beyond Death,82
2025-08,Theros Promos,1
2025-08,Throne of Eldraine,100
2025-08,Through the Omenpaths,0
2025-08,Time Spiral,7
2025-08,Time Spiral Promos,0
2025-08,Torment,7
2025-08,Transformers,0
2025-08,Treasure Chest,1
2025-08,Ugin's Fate,1
2025-08,Unfinity,17
2025-08,Urza's Destiny,2
2025-08,Urza's Legacy,102
2025-08,Urza's Saga,102
2025-08,Visions,46
2025-08,War of the Spark,93
2025-08,"Warhammer 40,000 Commander",36
2025-08,Weatherlight,15
2025-08,Wilds of Eldraine,24
2025-08,Wilds of Eldraine Commander,1
2025-08,Wizards Play Network 2012,0
2025-08,Wizards Play Network 2024,0
2025-08,Worldwake,27
2025-08,Zendikar,65
2025-08,Zendikar Rising,51
2025-09,Adventures in the Forgotten Realms,21
2025-09,Aether Revolt,24
2025-09,Aetherdrift,70
2025-09,Aetherdrift Commander,1
2025-09,Alara Reborn,12
2025-09,Alliances,69
2025-09,Amonkhet,8
2025-09,Amonkhet Invocations,0
2025-09,Antiquities,19
2025-09,Apocalypse,15
2025-09,Arabian Nights,0
2025-09,Arena League 2003,0
2025-09,Arena League 2004,28
2025-09,Arena League 2006,1
2025-09,Assassin's Creed,4
2025-09,Avacyn Restored,19
2025-09,Avacyn Restored Promos,0
2025-09,Avatar: The Last Airbender,0
2025-09,Avatar: The Last Airbender Eternal,0
2025-09,Battle for Zendikar,6
2025-09,Battlebond,17
2025-09,Betrayers of Kamigawa,5
2025-09,Bloomburrow,62
2025-09,Bloomburrow Commander,0
2025-09,Born of the Gods,4
2025-09,Champions of Kamigawa,29
2025-09,Coldsnap,18
2025-09,Commander 2011,8
2025-09,Commander 2013,14
2025-09,Commander 2014,9
2025-09,Commander 2015,7
2025-09,Commander 2016,3
2025-09,Commander 2018,9
2025-09,Commander 2019,20
2025-09,Commander 2020,2
2025-09,Commander 2021,19
2025-09,Commander Legends,30
2025-09,Commander Legends: Battle for Baldur's Gate,75
2025-09,Commander Masters,1
2025-09,Conflux,58
2025-09,Conspiracy,3
2025-09,Conspiracy: Take the Crown,10
2025-09,Core Set 2019,8
2025-09,Core Set 2020,29
2025-09,Core Set 2021,6
2025-09,Crimson Vow Commander,2
2025-09,Dark Ascension,35
2025-09,Dark Ascension Promos,0
2025-09,Darksteel,34
2025-09,Dissension,48
2025-09,Doctor Who,5
2025-09,Dominaria,15
2025-09,Dominaria United,39
2025-09,Dominaria United Commander,2
2025-09,Dragon's Maze,1
2025-09,Dragon's Maze Promos,0
2025-09,Dragons of Tarkir,4
2025-09,Duel Decks: Blessed vs. Cursed,0
2025-09,Duel Decks: Izzet vs. Golgari,0
2025-09,Duel Decks: Zendikar vs. Eldrazi,0
2025-09,Duskmourn: House of Horror,104
2025-09,Duskmourn: House of Horror Commander,16
2025-09,Edge of Eternities,73
2025-09,Edge of Eternities Commander,0
2025-09,Eldritch Moon,23
2025-09,Eventide,1
2025-09,Exodus,27
2025-09,Fallen Empires,4
2025-09,Fallout,18
2025-09,Fate Reforged,1
2025-09,Fifth Dawn,48
2025-09,Final Fantasy,19
2025-09,Final Fantasy Commander,11
2025-09,Forgotten Realms Commander,5
2025-09,Foundations,8
2025-09,Foundations Jumpstart,17
2025-09,Friday Night Magic 2003,0
2025-09,Friday Night Magic 2011,0
2025-09,Friday Night Magic 2012,0
2025-09,Friday Night Magic 2013,3
2025-09,Friday Night Magic 2014,0
2025-09,Friday Night Magic 2015,1
2025-09,Friday Night Magic 2016,0
2025-09,Friday Night Magic 2017,28
2025-09,From the Vault: Legends,0
2025-09,Future Sight,44
2025-09,Game Day Promos,1
2025-09,Gatecrash,7
2025-09,Guildpact,4
2025-09,Guilds of Ravnica,16
2025-09,HarperPrism Book Promos,9
2025-09,Homelands,20
2025-09,Hour of Devastation,8
2025-09,Ice Age,103
2025-09,Ikoria: Lair of Behemoths,6
2025-09,Innistrad,44
2025-09,Innistrad: Crimson Vow,21
2025-09,Innistrad: Midnight Hunt,82
2025-09,Invasion,34
2025-09,Ixalan,5
2025-09,Journey into Nyx,2
2025-09,Journey into Nyx Promos,0
2025-09,Judge Gift Cards 1998,0
2025-09,Judgment,17
2025-09,Jumpstart,0
2025-09,Jumpstart 2022,3
2025-09,Jurassic World Collection,2
2025-09,Kaladesh,8
2025-09,Kaladesh Inventions,2
2025-09,Kaldheim,6
2025-09,Kamigawa: Neon Dynasty,64
2025-09,Khans of Tarkir,15
2025-09,Legends,40
2025-09,Legions,3
2025-09,Limited Edition Alpha,367
2025-09,Limited Edition Beta,0
2025-09,Lorwyn,99
2025-09,Lorwyn Eclipsed,0
2025-09,Lorwyn Eclipsed Commander,0
2025-09,Lorwyn Promos,0
2025-09,MTG Arena Promos,0
2025-09,Magic 2010,20
2025-09,Magic 2010 Promos,0
2025-09,Magic 2011,58
2025-09,Magic 2011 Promos,0
2025-09,Magic 2012,4
2025-09,Magic 2013,6
2025-09,Magic 2014,8
2025-09,Magic 2015,0
2025-09,Magic 2015 Promos,2
2025-09,Magic Origins,6
2025-09,MagicFest 2025,0
2025-09,March of the Machine,29
2025-09,March of the Machine Commander,6
2025-09,March of the Machine: The Aftermath,7
2025-09,Mercadian Masques,20
2025-09,Mirage,80
2025-09,Mirrodin,110
2025-09,Mirrodin Besieged,15
2025-09,Mirrodin Besieged Promos,0
2025-09,Modern Horizons,135
2025-09,Modern Horizons 2,363
2025-09,Modern Horizons 3,316
2025-09,Modern Horizons 3 Commander,54
2025-09,Morningtide,13
2025-09,Murders at Karlov Manor,35
2025-09,Murders at Karlov Manor Commander,0
2025-09,Nemesis,30
2025-09,Neon Dynasty Commander,5
2025-09,New Capenna Commander,2
2025-09,New Phyrexia,129
2025-09,New Phyrexia Promos,3
2025-09,Oath of the Gatewatch,3
2025-09,Odyssey,26
2025-09,Onslaught,17
2025-09,Outlaws of Thunder Junction,37
2025-09,Outlaws of Thunder Junction Commander,0
2025-09,Phyrexia: All Will Be One,40
2025-09,Phyrexia: All Will Be One Commander,1
2025-09,Planar Chaos,11
2025-09,Planechase 2012,10
2025-09,Planeshift,24
2025-09,Portal,9
2025-09,Portal Second Age,29
2025-09,Portal Three Kingdoms,16
2025-09,Prophecy,6
2025-09,Ravnica Allegiance,7
2025-09,Ravnica: City of Guilds,69
2025-09,Ravnica: Clue Edition,16
2025-09,Return to Ravnica,36
2025-09,Return to Ravnica Promos,5
2025-09,Rise of the Eldrazi,60
2025-09,Rivals of Ixalan,4
2025-09,Salvat 2005,4
2025-09,San Diego Comic-Con 2013,0
2025-09,San Diego Comic-Con 2015,8
2025-09,Saviors of Kamigawa,2
2025-09,Scars of Mirrodin,26
2025-09,Scars of Mirrodin Promos,0
2025-09,Scourge,36
2025-09,Secret Lair Drop,1
2025-09,Shadowmoor,9
2025-09,Shadows over Innistrad,6
2025-09,Shards of Alara,21
2025-09,Spotlight Series,8
2025-09,Starter 1999,8
2025-09,Streets of New Capenna,3
2025-09,Streets of New Capenna Promos,16
2025-09,Strixhaven Mystical Archive,0
2025-09,Strixhaven: School of Mages,34
2025-09,Stronghold,70
2025-09,Tales of Middle-earth Commander,43
2025-09,Tarkir: Dragonstorm,84
2025-09,Tarkir: Dragonstorm Commander,1
2025-09,Teenage Mutant Ninja Turtles,0
2025-09,Teenage Mutant Ninja Turtles Eternal,0
2025-09,Tempest,65
2025-09,The Big Score,1
2025-09,The Brothers' War,28
2025-09,The Brothers' War Commander,1
2025-09,The Dark,19
2025-09,The List,2
2025-09,The Lord of the Rings: Tales of Middle-earth,206
2025-09,The Lost Caverns of Ixalan,94
2025-09,The Lost Caverns of Ixalan Commander,24
2025-09,Theros,3
2025-09,Theros Beyond Death,47
2025-09,Theros Promos,0
2025-09,Throne of Eldraine,91
2025-09,Through the Omenpaths,14
2025-09,Time Spiral,12
2025-09,Time Spiral Promos,0
2025-09,Torment,10
2025-09,Transformers,0
2025-09,Treasure Chest,1
2025-09,Ugin's Fate,0
2025-09,Unfinity,12
2025-09,Urza's Destiny,4
2025-09,Urza's Legacy,82
2025-09,Urza's Saga,87
2025-09,Visions,45
2025-09,War of the Spark,78
2025-09,"Warhammer 40,000 Commander",30
2025-09,Weatherlight,15
2025-09,Wilds of Eldraine,24
2025-09,Wilds of Eldraine Commander,0
2025-09,Wizards Play Network 2012,0
2025-09,Wizards Play Network 2024,0
2025-09,Worldwake,20
2025-09,Zendikar,61
2025-09,Zendikar Rising,27
2025-10,Adventures in the Forgotten Realms,13
2025-10,Aether Revolt,39
2025-10,Aetherdrift,67
2025-10,Aetherdrift Commander,1
2025-10,Alara Reborn,15
2025-10,Alliances,55
2025-10,Amonkhet,4
2025-10,Amonkhet Invocations,0
2025-10,Antiquities,33
2025-10,Apocalypse,17
2025-10,Arabian Nights,0
2025-10,Arena League 2003,0
2025-10,Arena League 2004,23
2025-10,Arena League 2006,1
2025-10,Assassin's Creed,10
2025-10,Avacyn Restored,18
2025-10,Avacyn Restored Promos,0
2025-10,Avatar: The Last Airbender,0
2025-10,Avatar: The Last Airbender Eternal,0
2025-10,Battle for Zendikar,7
2025-10,Battlebond,19
2025-10,Betrayers of Kamigawa,4
2025-10,Bloomburrow,37
2025-10,Bloomburrow Commander,2
2025-10,Born of the Gods,5
2025-10,Champions of Kamigawa,35
2025-10,Coldsnap,16
2025-10,Commander 2011,11
2025-10,Commander 2013,18
2025-10,Commander 2014,13
2025-10,Commander 2015,5
2025-10,Commander 2016,0
2025-10,Commander 2018,17
2025-10,Commander 2019,18
2025-10,Commander 2020,0
2025-10,Commander 2021,17
2025-10,Commander Legends,45
2025-10,Commander Legends: Battle for Baldur's Gate,67
2025-10,Commander Masters,4
2025-10,Conflux,62
2025-10,Conspiracy,2
2025-10,Conspiracy: Take the Crown,18
2025-10,Core Set 2019,2
2025-10,Core Set 2020,41
2025-10,Core Set 2021,10
2025-10,Crimson Vow Commander,0
2025-10,Dark Ascension,29
2025-10,Dark Ascension Promos,0
2025-10,Darksteel,35
2025-10,Dissension,50
2025-10,Doctor Who,7
2025-10,Dominaria,17
2025-10,Dominaria United,40
2025-10,Dominaria United Commander,0
2025-10,Dragon's Maze,4
2025-10,Dragon's Maze Promos,0
2025-10,Dragons of Tarkir,5
2025-10,Duel Decks: Blessed vs. Cursed,0
2025-10,Duel Decks: Izzet vs. Golgari,0
2025-10,Duel Decks: Zendikar vs. Eldrazi,0
2025-10,Duskmourn: House of Horror,120
2025-10,Duskmourn: House of Horror Commander,20
2025-10,Edge of Eternities,97
2025-10,Edge of Eternities Commander,2
2025-10,Eldritch Moon,30
2025-10,Eventide,0
2025-10,Exodus,17
2025-10,Fallen Empires,8
2025-10,Fallout,21
2025-10,Fate Reforged,0
2025-10,Fifth Dawn,50
2025-10,Final Fantasy,26
2025-10,Final Fantasy Commander,9
2025-10,Forgotten Realms Commander,1
2025-10,Foundations,7
2025-10,Foundations Jumpstart,13
2025-10,Friday Night Magic 2003,0
2025-10,Friday Night Magic 2011,1
2025-10,Friday Night Magic 2012,0
2025-10,Friday Night Magic 2013,1
2025-10,Friday Night Magic 2014,0
2025-10,Friday Night Magic 2015,0
2025-10,Friday Night Magic 2016,1
2025-10,Friday Night Magic 2017,46
2025-10,From the Vault: Legends,0
2025-10,Future Sight,48
2025-10,Game Day Promos,2
2025-10,Gatecrash,1
2025-10,Guildpact,9
2025-10,Guilds of Ravnica,11
2025-10,HarperPrism Book Promos,6
2025-10,Homelands,25
2025-10,Hour of Devastation,16
2025-10,Ice Age,105
2025-10,Ikoria: Lair of Behemoths,9
2025-10,Innistrad,40
2025-10,Innistrad: Crimson Vow,28
2025-10,Innistrad: Midnight Hunt,82
2025-10,Invasion,37
2025-10,Ixalan,5
2025-10,Journey into Nyx,0
2025-10,Journey into Nyx Promos,0
2025-10,Judge Gift Cards 1998,0
2025-10,Judgment,20
2025-10,Jumpstart,0
2025-10,Jumpstart 2022,0
2025-10,Jurassic World Collection,2
2025-10,Kaladesh,10
2025-10,Kaladesh Inventions,7
2025-10,Kaldheim,7
2025-10,Kamigawa: Neon Dynasty,65
2025-10,Khans of Tarkir,20
2025-10,Legends,23
2025-10,Legions,0
2025-10,Limited Edition Alpha,380
2025-10,Limited Edition Beta,0
2025-10,Lorwyn,126
2025-10,Lorwyn Eclipsed,0
2025-10,Lorwyn Eclipsed Commander,0
2025-10,Lorwyn Promos,0
2025-10,MTG Arena Promos,0
2025-10,Magic 2010,10
2025-10,Magic 2010 Promos,0
2025-10,Magic 2011,62
2025-10,Magic 2011 Promos,0
2025-10,Magic 2012,5
2025-10,Magic 2013,1
2025-10,Magic 2014,6
2025-10,Magic 2015,0
2025-10,Magic 2015 Promos,0
2025-10,Magic Origins,7
2025-10,MagicFest 2025,0
2025-10,March of the Machine,17
2025-10,March of the Machine Commander,11
2025-10,March of the Machine: The Aftermath,8
2025-10,Mercadian Masques,31
2025-10,Mirage,82
2025-10,Mirrodin,139
2025-10,Mirrodin Besieged,17
2025-10,Mirrodin Besieged Promos,0
2025-10,Modern Horizons,135
2025-10,Modern Horizons 2,365
2025-10,Modern Horizons 3,343
2025-10,Modern Horizons 3 Commander,71
2025-10,Morningtide,10
2025-10,Murders at Karlov Manor,42
2025-10,Murders at Karlov Manor Commander,1
2025-10,Nemesis,29
2025-10,Neon Dynasty Commander,7
2025-10,New Capenna Commander,0
2025-10,New Phyrexia,140
2025-10,New Phyrexia Promos,6
2025-10,Oath of the Gatewatch,6
2025-10,Odyssey,23
2025-10,Onslaught,3
2025-10,Outlaws of Thunder Junction,42
2025-10,Outlaws of Thunder Junction Commander,0
2025-10,Phyrexia: All Will Be One,26
2025-10,Phyrexia: All Will Be One Commander,0
2025-10,Planar Chaos,5
2025-10,Planechase 2012,14
2025-10,Planeshift,28
2025-10,Portal,12
2025-10,Portal Second Age,26
2025-10,Portal Three Kingdoms,13
2025-10,Prophecy,3
2025-10,Ravnica Allegiance,6
2025-10,Ravnica: City of Guilds,84
2025-10,Ravnica: Clue Edition,20
2025-10,Return to Ravnica,53
2025-10,Return to Ravnica Promos,10
2025-10,Rise of the Eldrazi,78
2025-10,Rivals of Ixalan,0
2025-10,Salvat 2005,6
2025-10,San Diego Comic-Con 2013,0
2025-10,San Diego Comic-Con 2015,9
2025-10,Saviors of Kamigawa,1
2025-10,Scars of Mirrodin,35
2025-10,Scars of Mirrodin Promos,1
2025-10,Scourge,22
2025-10,Secret Lair Drop,2
2025-10,Shadowmoor,5
2025-10,Shadows over Innistrad,9
2025-10,Shards of Alara,38
2025-10,Spotlight Series,11
2025-10,Starter 1999,5
2025-10,Streets of New Capenna,3
2025-10,Streets of New Capenna Promos,27
2025-10,Strixhaven Mystical Archive,0
2025-10,Strixhaven: School of Mages,35
2025-10,Stronghold,69
2025-10,Tales of Middle-earth Commander,33
2025-10,Tarkir: Dragonstorm,75
2025-10,Tarkir: Dragonstorm Commander,3
2025-10,Teenage Mutant Ninja Turtles,0
2025-10,Teenage Mutant Ninja Turtles Eternal,0
2025-10,Tempest,67
2025-10,The Big Score,5
2025-10,The Brothers' War,36
2025-10,The Brothers' War Commander,0
2025-10,The Dark,15
2025-10,The List,4
2025-10,The Lord of the Rings: Tales of Middle-earth,231
2025-10,The Lost Caverns of Ixalan,108
2025-10,The Lost Caverns of Ixalan Commander,14
2025-10,Theros,1
2025-10,Theros Beyond Death,55
2025-10,Theros Promos,4
2025-10,Throne of Eldraine,93
2025-10,Through the Omenpaths,28
2025-10,Time Spiral,8
2025-10,Time Spiral Promos,0
2025-10,Torment,8
2025-10,Transformers,0
2025-10,Treasure Chest,1
2025-10,Ugin's Fate,2
2025-10,Unfinity,9
2025-10,Urza's Destiny,3
2025-10,Urza's Legacy,108
2025-10,Urza's Saga,105
2025-10,Visions,35
2025-10,War of the Spark,91
2025-10,"Warhammer 40,000 Commander",19
2025-10,Weatherlight,23
2025-10,Wilds of Eldraine,21
2025-10,Wilds of Eldraine Commander,2
2025-10,Wizards Play Network 2012,0
2025-10,Wizards Play Network 2024,0
2025-10,Worldwake,23
2025-10,Zendikar,65
2025-10,Zendikar Rising,32
2025-11,Adventures in the Forgotten Realms,16
2025-11,Aether Revolt,27
2025-11,Aetherdrift,60
2025-11,Aetherdrift Commander,1
2025-11,Alara Reborn,13
2025-11,Alliances,60
2025-11,Amonkhet,10
2025-11,Amonkhet Invocations,0
2025-11,Antiquities,24
2025-11,Apocalypse,19
2025-11,Arabian Nights,0
2025-11,Arena League 2003,0
2025-11,Arena League 2004,20
2025-11,Arena League 2006,1
2025-11,Assassin's Creed,4
2025-11,Avacyn Restored,21
2025-11,Avacyn Restored Promos,2
2025-11,Avatar: The Last Airbender,27
2025-11,Avatar: The Last Airbender Eternal,3
2025-11,Battle for Zendikar,4
2025-11,Battlebond,18
2025-11,Betrayers of Kamigawa,7
2025-11,Bloomburrow,47
2025-11,Bloomburrow Commander,3
2025-11,Born of the Gods,7
2025-11,Champions of Kamigawa,22
2025-11,Coldsnap,10
2025-11,Commander 2011,9
2025-11,Commander 2013,11
2025-11,Commander 2014,5
2025-11,Commander 2015,2
2025-11,Commander 2016,2
2025-11,Commander 2018,16
2025-11,Commander 2019,10
2025-11,Commander 2020,0
2025-11,Commander 2021,16
2025-11,Commander Legends,44
2025-11,Commander Legends: Battle for Baldur's Gate,76
2025-11,Commander Masters,2
2025-11,Conflux,59
2025-11,Conspiracy,5
2025-11,Conspiracy: Take the Crown,35
2025-11,Core Set 2019,3
2025-11,Core Set 2020,27
2025-11,Core Set 2021,6
2025-11,Crimson Vow Commander,1
2025-11,Dark Ascension,31
2025-11,Dark Ascension Promos,0
2025-11,Darksteel,34
2025-11,Dissension,45
2025-11,Doctor Who,6
2025-11,Dominaria,20
2025-11,Dominaria United,41
2025-11,Dominaria United Commander,2
2025-11,Dragon's Maze,0
2025-11,Dragon's Maze Promos,0
2025-11,Dragons of Tarkir,5
2025-11,Duel Decks: Blessed vs. Cursed,2
2025-11,Duel Decks: Izzet vs. Golgari,0
2025-11,Duel Decks: Zendikar vs. Eldrazi,0
2025-11,Duskmourn: House of Horror,124
2025-11,Duskmourn: House of Horror Commander,22
2025-11,Edge of Eternities,100
2025-11,Edge of Eternities Commander,0
2025-11,Eldritch Moon,32
2025-11,Eventide,4
2025-11,Exodus,15
2025-11,Fallen Empires,7
2025-11,Fallout,19
2025-11,Fate Reforged,1
2025-11,Fifth Dawn,32
2025-11,Final Fantasy,19
2025-11,Final Fantasy Commander,5
2025-11,Forgotten Realms Commander,4
2025-11,Foundations,9
2025-11,Foundations Jumpstart,17
2025-11,Friday Night Magic 2003,0
2025-11,Friday Night Magic 2011,1
2025-11,Friday Night Magic 2012,1
2025-11,Friday Night Magic 2013,3
2025-11,Friday Night Magic 2014,0
2025-11,Friday Night Magic 2015,0
2025-11,Friday Night Magic 2016,1
2025-11,Friday Night Magic 2017,39
2025-11,From the Vault: Legends,2
2025-11,Future Sight,48
2025-11,Game Day Promos,3
2025-11,Gatecrash,4
2025-11,Guildpact,6
2025-11,Guilds of Ravnica,17
2025-11,HarperPrism Book Promos,3
2025-11,Homelands,20
2025-11,Hour of Devastation,6
2025-11,Ice Age,82
2025-11,Ikoria: Lair of Behemoths,11
2025-11,Innistrad,44
2025-11,Innistrad: Crimson Vow,24
2025-11,Innistrad: Midnight Hunt,81
2025-11,Invasion,28
2025-11,Ixalan,4
2025-11,Journey into Nyx,1
2025-11,Journey into Nyx Promos,0
2025-11,Judge Gift Cards 1998,0
2025-11,Judgment,11
2025-11,Jumpstart,2
2025-11,Jumpstart 2022,1
2025-11,Jurassic World Collection,4
2025-11,Kaladesh,10
2025-11,Kaladesh Inventions,5
2025-11,Kaldheim,9
2025-11,Kamigawa: Neon Dynasty,86
2025-11,Khans of Tarkir,26
2025-11,Legends,39
2025-11,Legions,3
2025-11,Limited Edition Alpha,396
2025-11,Limited Edition Beta,0
2025-11,Lorwyn,107
2025-11,Lorwyn Eclipsed,0
2025-11,Lorwyn Eclipsed Commander,0
2025-11,Lorwyn Promos,0
2025-11,MTG Arena Promos,0
2025-11,Magic 2010,13
2025-11,Magic 2010 Promos,0
2025-11,Magic 2011,52
2025-11,Magic 2011 Promos,0
2025-11,Magic 2012,4
2025-11,Magic 2013,4
2025-11,Magic 2014,4
2025-11,Magic 2015,0
2025-11,Magic 2015 Promos,2
2025-11,Magic Origins,9
2025-11,MagicFest 2025,0
2025-11,March of the Machine,16
2025-11,March of the Machine Commander,7
2025-11,March of the Machine: The Aftermath,8
2025-11,Mercadian Masques,24
2025-11,Mirage,66
2025-11,Mirrodin,122
2025-11,Mirrodin Besieged,10
2025-11,Mirrodin Besieged Promos,2
2025-11,Modern Horizons,155
2025-11,Modern Horizons 2,391
2025-11,Modern Horizons 3,414
2025-11,Modern Horizons 3 Commander,71
2025-11,Morningtide,10
2025-11,Murders at Karlov Manor,41
2025-11,Murders at Karlov Manor Commander,0
2025-11,Nemesis,35
2025-11,Neon Dynasty Commander,5
2025-11,New Capenna Commander,1
2025-11,New Phyrexia,138
2025-11,New Phyrexia Promos,2
2025-11,Oath of the Gatewatch,7
2025-11,Odyssey,17
2025-11,Onslaught,13
2025-11,Outlaws of Thunder Junction,29
2025-11,Outlaws of Thunder Junction Commander,1
2025-11,Phyrexia: All Will Be One,25
2025-11,Phyrexia: All Will Be One Commander,1
2025-11,Planar Chaos,8
2025-11,Planechase 2012,16
2025-11,Planeshift,12
2025-11,Portal,7
2025-11,Portal Second Age,20
2025-11,Portal Three Kingdoms,17
2025-11,Prophecy,2
2025-11,Ravnica Allegiance,6
2025-11,Ravnica: City of Guilds,66
2025-11,Ravnica: Clue Edition,20
2025-11,Return to Ravnica,56
2025-11,Return to Ravnica Promos,8
2025-11,Rise of the Eldrazi,79
2025-11,Rivals of Ixalan,0
2025-11,Salvat 2005,4
2025-11,San Diego Comic-Con 2013,0
2025-11,San Diego Comic-Con 2015,7
2025-11,Saviors of Kamigawa,0
2025-11,Scars of Mirrodin,33
2025-11,Scars of Mirrodin Promos,0
2025-11,Scourge,19
2025-11,Secret Lair Drop,0
2025-11,Shadowmoor,6
2025-11,Shadows over Innistrad,6
2025-11,Shards of Alara,35
2025-11,Spotlight Series,10
2025-11,Starter 1999,5
2025-11,Streets of New Capenna,1
2025-11,Streets of New Capenna Promos,20
2025-11,Strixhaven Mystical Archive,0
2025-11,Strixhaven: School of Mages,42
2025-11,Stronghold,66
2025-11,Tales of Middle-earth Commander,45
2025-11,Tarkir: Dragonstorm,80
2025-11,Tarkir: Dragonstorm Commander,0
2025-11,Teenage Mutant Ninja Turtles,0
2025-11,Teenage Mutant Ninja Turtles Eternal,0
2025-11,Tempest,49
2025-11,The Big Score,8
2025-11,The Brothers' War,30
2025-11,The Brothers' War Commander,0
2025-11,The Dark,14
2025-11,The List,1
2025-11,The Lord of the Rings: Tales of Middle-earth,231
2025-11,The Lost Caverns of Ixalan,108
2025-11,The Lost Caverns of Ixalan Commander,18
2025-11,Theros,2
2025-11,Theros Beyond Death,58
2025-11,Theros Promos,1
2025-11,Throne of Eldraine,80
2025-11,Through the Omenpaths,47
2025-11,Time Spiral,9
2025-11,Time Spiral Promos,0
2025-11,Torment,7
2025-11,Transformers,0
2025-11,Treasure Chest,2
2025-11,Ugin's Fate,1
2025-11,Unfinity,7
2025-11,Urza's Destiny,1
2025-11,Urza's Legacy,96
2025-11,Urza's Saga,76
2025-11,Visions,29
2025-11,War of the Spark,92
2025-11,"Warhammer 40,000 Commander",27
2025-11,Weatherlight,15
2025-11,Wilds of Eldraine,24
2025-11,Wilds of Eldraine Commander,0
2025-11,Wizards Play Network 2012,0
2025-11,Wizards Play Network 2024,0
2025-11,Worldwake,22
2025-11,Zendikar,61
2025-11,Zendikar Rising,39
2025-12,Adventures in the Forgotten Realms,10
2025-12,Aether Revolt,21
2025-12,Aetherdrift,38
2025-12,Aetherdrift Commander,0
2025-12,Alara Reborn,10
2025-12,Alliances,59
2025-12,Amonkhet,6
2025-12,Amonkhet Invocations,0
2025-12,Antiquities,17
2025-12,Apocalypse,18
2025-12,Arabian Nights,0
2025-12,Arena League 2003,0
2025-12,Arena League 2004,20
2025-12,Arena League 2006,1
2025-12,Assassin's Creed,3
2025-12,Avacyn Restored,15
2025-12,Avacyn Restored Promos,2
2025-12,Avatar: The Last Airbender,44
2025-12,Avatar: The Last Airbender Eternal,7
2025-12,Battle for Zendikar,2
2025-12,Battlebond,17
2025-12,Betrayers of Kamigawa,7
2025-12,Bloomburrow,37
2025-12,Bloomburrow Commander,2
2025-12,Born of the Gods,0
2025-12,Champions of Kamigawa,14
2025-12,Coldsnap,11
2025-12,Commander 2011,12
2025-12,Commander 2013,7
2025-12,Commander 2014,5
2025-12,Commander 2015,6
2025-12,Commander 2016,1
2025-12,Commander 2018,12
2025-12,Commander 2019,7
2025-12,Commander 2020,1
2025-12,Commander 2021,17
2025-12,Commander Legends,51
2025-12,Commander Legends: Battle for Baldur's Gate,69
2025-12,Commander Masters,0
2025-12,Conflux,48
2025-12,Conspiracy,4
2025-12,Conspiracy: Take the Crown,18
2025-12,Core Set 2019,1
2025-12,Core Set 2020,23
2025-12,Core Set 2021,5
2025-12,Crimson Vow Commander,1
2025-12,Dark Ascension,26
2025-12,Dark Ascension Promos,1
2025-12,Darksteel,24
2025-12,Dissension,38
2025-12,Doctor Who,6
2025-12,Dominaria,7
2025-12,Dominaria United,32
2025-12,Dominaria United Commander,1
2025-12,Dragon's Maze,0
2025-12,Dragon's Maze Promos,0
2025-12,Dragons of Tarkir,6
2025-12,Duel Decks: Blessed vs. Cursed,0
2025-12,Duel Decks: Izzet vs. Golgari,1
2025-12,Duel Decks: Zendikar vs. Eldrazi,0
2025-12,Duskmourn: House of Horror,113
2025-12,Duskmourn: House of Horror Commander,20
2025-12,Edge of Eternities,84
2025-12,Edge of Eternities Commander,0
2025-12,Eldritch Moon,25
2025-12,Eventide,2
2025-12,Exodus,19
2025-12,Fallen Empires,8
2025-12,Fallout,20
2025-12,Fate Reforged,2
2025-12,Fifth Dawn,20
2025-12,Final Fantasy,21
2025-12,Final Fantasy Commander,9
2025-12,Forgotten Realms Commander,2
2025-12,Foundations,9
2025-12,Foundations Jumpstart,12
2025-12,Friday Night Magic 2003,0
2025-12,Friday Night Magic 2011,1
2025-12,Friday Night Magic 2012,1
2025-12,Friday Night Magic 2013,1
2025-12,Friday Night Magic 2014,1
2025-12,Friday Night Magic 2015,0
2025-12,Friday Night Magic 2016,0
2025-12,Friday Night Magic 2017,45
2025-12,From the Vault: Legends,0
2025-12,Future Sight,42
2025-12,Game Day Promos,0
2025-12,Gatecrash,2
2025-12,Guildpact,0
2025-12,Guilds of Ravnica,8
2025-12,HarperPrism Book Promos,2
2025-12,Homelands,20
2025-12,Hour of Devastation,13
2025-12,Ice Age,83
2025-12,Ikoria: Lair of Behemoths,18
2025-12,Innistrad,42
2025-12,Innistrad: Crimson Vow,25
2025-12,Innistrad: Midnight Hunt,58
2025-12,Invasion,21
2025-12,Ixalan,5
2025-12,Journey into Nyx,1
2025-12,Journey into Nyx Promos,0
2025-12,Judge Gift Cards 1998,0
2025-12,Judgment,18
2025-12,Jumpstart,0
2025-12,Jumpstart 2022,0
2025-12,Jurassic World Collection,2
2025-12,Kaladesh,9
2025-12,Kaladesh Inventions,4
2025-12,Kaldheim,2
2025-12,Kamigawa: Neon Dynasty,56
2025-12,Khans of Tarkir,29
2025-12,Legends,36
2025-12,Legions,0
2025-12,Limited Edition Alpha,343
2025-12,Limited Edition Beta,0
2025-12,Lorwyn,95
2025-12,Lorwyn Eclipsed,0
2025-12,Lorwyn Eclipsed Commander,0
2025-12,Lorwyn Promos,0
2025-12,MTG Arena Promos,0
2025-12,Magic 2010,6
2025-12,Magic 2010 Promos,0
2025-12,Magic 2011,49
2025-12,Magic 2011 Promos,0
2025-12,Magic 2012,6
2025-12,Magic 2013,2
2025-12,Magic 2014,6
2025-12,Magic 2015,0
2025-12,Magic 2015 Promos,1
2025-12,Magic Origins,1
2025-12,MagicFest 2025,0
2025-12,March of the Machine,22
2025-12,March of the Machine Commander,10
2025-12,March of the Machine: The Aftermath,9
2025-12,Mercadian Masques,32
2025-12,Mirage,61
2025-12,Mirrodin,84
2025-12,Mirrodin Besieged,10
2025-12,Mirrodin Besieged Promos,0
2025-12,Modern Horizons,124
2025-12,Modern Horizons 2,342
2025-12,Modern Horizons 3,349
2025-12,Modern Horizons 3 Commander,61
2025-12,Morningtide,9
2025-12,Murders at Karlov Manor,44
2025-12,Murders at Karlov Manor Commander,0
2025-12,Nemesis,39
2025-12,Neon Dynasty Commander,1
2025-12,New Capenna Commander,4
2025-12,New Phyrexia,129
2025-12,New Phyrexia Promos,1
2025-12,Oath of the Gatewatch,1
2025-12,Odyssey,18
2025-12,Onslaught,4
2025-12,Outlaws of Thunder Junction,37
2025-12,Outlaws of Thunder Junction Commander,1
2025-12,Phyrexia: All Will Be One,13
2025-12,Phyrexia: All Will Be One Commander,3
2025-12,Planar Chaos,8
2025-12,Planechase 2012,12
2025-12,Planeshift,13
2025-12,Portal,7
2025-12,Portal Second Age,19
2025-12,Portal Three Kingdoms,9
2025-12,Prophecy,1
2025-12,Ravnica Allegiance,11
2025-12,Ravnica: City of Guilds,52
2025-12,Ravnica: Clue Edition,26
2025-12,Return to Ravnica,56
2025-12,Return to Ravnica Promos,3
2025-12,Rise of the Eldrazi,57
2025-12,Rivals of Ixalan,0
2025-12,Salvat 2005,4
2025-12,San Diego Comic-Con 2013,0
2025-12,San Diego Comic-Con 2015,5
2025-12,Saviors of Kamigawa,0
2025-12,Scars of Mirrodin,26
2025-12,Scars of Mirrodin Promos,0
2025-12,Scourge,19
2025-12,Secret Lair Drop,2
2025-12,Shadowmoor,3
2025-12,Shadows over Innistrad,7
2025-12,Shards of Alara,20
2025-12,Spotlight Series,6
2025-12,Starter 1999,2
2025-12,Streets of New Capenna,0
2025-12,Streets of New Capenna Promos,23
2025-12,Strixhaven Mystical Archive,0
2025-12,Strixhaven: School of Mages,24
2025-12,Stronghold,60
2025-12,Tales of Middle-earth Commander,28
2025-12,Tarkir: Dragonstorm,72
2025-12,Tarkir: Dragonstorm Commander,1
2025-12,Teenage Mutant Ninja Turtles,0
2025-12,Teenage Mutant Ninja Turtles Eternal,0
2025-12,Tempest,46
2025-12,The Big Score,7
2025-12,The Brothers' War,30
2025-12,The Brothers' War Commander,0
2025-12,The Dark,17
2025-12,The List,3
2025-12,The Lord of the Rings: Tales of Middle-earth,211
2025-12,The Lost Caverns of Ixalan,107
2025-12,The Lost Caverns of Ixalan Commander,18
2025-12,Theros,3
2025-12,Theros Beyond Death,40
2025-12,Theros Promos,0
2025-12,Throne of Eldraine,82
2025-12,Through the Omenpaths,44
2025-12,Time Spiral,3
2025-12,Time Spiral Promos,0
2025-12,Torment,3
2025-12,Transformers,1
2025-12,Treasure Chest,0
2025-12,Ugin's Fate,0
2025-12,Unfinity,6
2025-12,Urza's Destiny,5
2025-12,Urza's Legacy,70
2025-12,Urza's Saga,74
2025-12,Visions,29
2025-12,War of the Spark,56
2025-12,"Warhammer 40,000 Commander",10
2025-12,Weatherlight,5
2025-12,Wilds of Eldraine,19
2025-12,Wilds of Eldraine Commander,0
2025-12,Wizards Play Network 2012,0
2025-12,Wizards Play Network 2024,0
2025-12,Worldwake,17
2025-12,Zendikar,56
2025-12,Zendikar Rising,28
2026-01,Adventures in the Forgotten Realms,15
2026-01,Aether Revolt,29
2026-01,Aetherdrift,66
2026-01,Aetherdrift Commander,1
2026-01,Alara Reborn,12
2026-01,Alliances,79
2026-01,Amonkhet,5
2026-01,Amonkhet Invocations,0
2026-01,Antiquities,14
2026-01,Apocalypse,18
2026-01,Arabian Nights,0
2026-01,Arena League 2003,0
2026-01,Arena League 2004,19
2026-01,Arena League 2006,1
2026-01,Assassin's Creed,4
2026-01,Avacyn Restored,23
2026-01,Avacyn Restored Promos,0
2026-01,Avatar: The Last Airbender,78
2026-01,Avatar: The Last Airbender Eternal,10
2026-01,Battle for Zendikar,6
2026-01,Battlebond,13
2026-01,Betrayers of Kamigawa,12
2026-01,Bloomburrow,56
2026-01,Bloomburrow Commander,8
2026-01,Born of the Gods,7
2026-01,Champions of Kamigawa,24
2026-01,Coldsnap,11
2026-01,Commander 2011,10
2026-01,Commander 2013,15
2026-01,Commander 2014,13
2026-01,Commander 2015,10
2026-01,Commander 2016,0
2026-01,Commander 2018,10
2026-01,Commander 2019,14
2026-01,Commander 2020,0
2026-01,Commander 2021,23
2026-01,Commander Legends,49
2026-01,Commander Legends: Battle for Baldur's Gate,111
2026-01,Commander Masters,2
2026-01,Conflux,80
2026-01,Conspiracy,8
2026-01,Conspiracy: Take the Crown,36
2026-01,Core Set 2019,10
2026-01,Core Set 2020,34
2026-01,Core Set 2021,3
2026-01,Crimson Vow Commander,0
2026-01,Dark Ascension,51
2026-01,Dark Ascension Promos,0
2026-01,Darksteel,55
2026-01,Dissension,42
2026-01,Doctor Who,3
2026-01,Dominaria,20
2026-01,Dominaria United,44
2026-01,Dominaria United Commander,3
2026-01,Dragon's Maze,0
2026-01,Dragon's Maze Promos,0
2026-01,Dragons of Tarkir,5
2026-01,Duel Decks: Blessed vs. Cursed,0
2026-01,Duel Decks: Izzet vs. Golgari,0
2026-01,Duel Decks: Zendikar vs. Eldrazi,0
2026-01,Duskmourn: House of Horror,158
2026-01,Duskmourn: House of Horror Commander,31
2026-01,Edge of Eternities,118
2026-01,Edge of Eternities Commander,0
2026-01,Eldritch Moon,49
2026-01,Eventide,1
2026-01,Exodus,36
2026-01,Fallen Empires,5
2026-01,Fallout,30
2026-01,Fate Reforged,1
2026-01,Fifth Dawn,24
2026-01,Final Fantasy,22
2026-01,Final Fantasy Commander,15
2026-01,Forgotten Realms Commander,4
2026-01,Foundations,14
2026-01,Foundations Jumpstart,29
2026-01,Friday Night Magic 2003,0
2026-01,Friday Night Magic 2011,0
2026-01,Friday Night Magic 2012,1
2026-01,Friday Night Magic 2013,1
2026-01,Friday Night Magic 2014,0
2026-01,Friday Night Magic 2015,0
2026-01,Friday Night Magic 2016,0
2026-01,Friday Night Magic 2017,44
2026-01,From the Vault: Legends,1
2026-01,Future Sight,64
2026-01,Game Day Promos,6
2026-01,Gatecrash,6
2026-01,Guildpact,4
2026-01,Guilds of Ravnica,25
2026-01,HarperPrism Book Promos,9
2026-01,Homelands,20
2026-01,Hour of Devastation,19
2026-01,Ice Age,100
2026-01,Ikoria: Lair of Behemoths,14
2026-01,Innistrad,54
2026-01,Innistrad: Crimson Vow,38
2026-01,Innistrad: Midnight Hunt,102
2026-01,Invasion,32
2026-01,Ixalan,12
2026-01,Journey into Nyx,5
2026-01,Journey into Nyx Promos,0
2026-01,Judge Gift Cards 1998,0
2026-01,Judgment,25
2026-01,Jumpstart,1
2026-01,Jumpstart 2022,2
2026-01,Jurassic World Collection,3
2026-01,Kaladesh,8
2026-01,Kaladesh Inventions,3
2026-01,Kaldheim,4
2026-01,Kamigawa: Neon Dynasty,95
2026-01,Khans of Tarkir,25
2026-01,Legends,50
2026-01,Legions,2
2026-01,Limited Edition Alpha,449
2026-01,Limited Edition Beta,0
2026-01,Lorwyn,122
2026-01,Lorwyn Eclipsed,48
2026-01,Lorwyn Eclipsed Commander,0
2026-01,Lorwyn Promos,0
2026-01,MTG Arena Promos,0
2026-01,Magic 2010,16
2026-01,Magic 2010 Promos,0
2026-01,Magic 2011,66
2026-01,Magic 2011 Promos,0
2026-01,Magic 2012,9
2026-01,Magic 2013,5
2026-01,Magic 2014,9
2026-01,Magic 2015,0
2026-01,Magic 2015 Promos,3
2026-01,Magic Origins,3
2026-01,MagicFest 2025,0
2026-01,March of the Machine,26
2026-01,March of the Machine Commander,14
2026-01,March of the Machine: The Aftermath,7
2026-01,Mercadian Masques,30
2026-01,Mirage,71
2026-01,Mirrodin,112
2026-01,Mirrodin Besieged,14
2026-01,Mirrodin Besieged Promos,1
2026-01,Modern Horizons,189
2026-01,Modern Horizons 2,477
2026-01,Modern Horizons 3,471
2026-01,Modern Horizons 3 Commander,85
2026-01,Morningtide,8
2026-01,Murders at Karlov Manor,47
2026-01,Murders at Karlov Manor Commander,0
2026-01,Nemesis,40
2026-01,Neon Dynasty Commander,3
2026-01,New Capenna Commander,3
2026-01,New Phyrexia,167
2026-01,New Phyrexia Promos,5
2026-01,Oath of the Gatewatch,6
2026-01,Odyssey,24
2026-01,Onslaught,11
2026-01,Outlaws of Thunder Junction,38
2026-01,Outlaws of Thunder Junction Commander,0
2026-01,Phyrexia: All Will Be One,32
2026-01,Phyrexia: All Will Be One Commander,2
2026-01,Planar Chaos,11
2026-01,Planechase 2012,11
2026-01,Planeshift,21
2026-01,Portal,9
2026-01,Portal Second Age,24
2026-01,Portal Three Kingdoms,10
2026-01,Prophecy,5
2026-01,Ravnica Allegiance,2
2026-01,Ravnica: City of Guilds,71
2026-01,Ravnica: Clue Edition,31
2026-01,Return to Ravnica,67
2026-01,Return to Ravnica Promos,13
2026-01,Rise of the Eldrazi,88
2026-01,Rivals of Ixalan,7
2026-01,Salvat 2005,5
2026-01,San Diego Comic-Con 2013,0
2026-01,San Diego Comic-Con 2015,5
2026-01,Saviors of Kamigawa,2
2026-01,Scars of Mirrodin,22
2026-01,Scars of Mirrodin Promos,0
2026-01,Scourge,28
2026-01,Secret Lair Drop,5
2026-01,Shadowmoor,4
2026-01,Shadows over Innistrad,14
2026-01,Shards of Alara,32
2026-01,Spotlight Series,16
2026-01,Starter 1999,5
2026-01,Streets of New Capenna,3
2026-01,Streets of New Capenna Promos,29
2026-01,Strixhaven Mystical Archive,0
2026-01,Strixhaven: School of Mages,46
2026-01,Stronghold,79
2026-01,Tales of Middle-earth Commander,26
2026-01,Tarkir: Dragonstorm,111
2026-01,Tarkir: Dragonstorm Commander,0
2026-01,Teenage Mutant Ninja Turtles,0
2026-01,Teenage Mutant Ninja Turtles Eternal,0
2026-01,Tempest,67
2026-01,The Big Score,8
2026-01,The Brothers' War,36
2026-01,The Brothers' War Commander,0
2026-01,The Dark,26
2026-01,The List,1
2026-01,The Lord of the Rings: Tales of Middle-earth,287
2026-01,The Lost Caverns of Ixalan,135
2026-01,The Lost Caverns of Ixalan Commander,33
2026-01,Theros,1
2026-01,Theros Beyond Death,54
2026-01,Theros Promos,1
2026-01,Throne of Eldraine,108
2026-01,Through the Omenpaths,51
2026-01,Time Spiral,9
2026-01,Time Spiral Promos,1
2026-01,Torment,5
2026-01,Transformers,1
2026-01,Treasure Chest,4
2026-01,Ugin's Fate,1
2026-01,Unfinity,15
2026-01,Urza's Destiny,2
2026-01,Urza's Legacy,96
2026-01,Urza's Saga,81
2026-01,Visions,47
2026-01,War of the Spark,89
2026-01,"Warhammer 40,000 Commander",28
2026-01,Weatherlight,7
2026-01,Wilds of Eldraine,30
2026-01,Wilds of Eldraine Commander,0
2026-01,Wizards Play Network 2012,0
2026-01,Wizards Play Network 2024,0
2026-01,Worldwake,25
2026-01,Zendikar,71
2026-01,Zendikar Rising,56
2026-02,Adventures in the Forgotten Realms,33
2026-02,Aether Revolt,51
2026-02,Aetherdrift,101
2026-02,Aetherdrift Commander,0
2026-02,Alara Reborn,24
2026-02,Alliances,92
2026-02,Amonkhet,13
2026-02,Amonkhet Invocations,0
2026-02,Antiquities,43
2026-02,Apocalypse,35
2026-02,Arabian Nights,0
2026-02,Arena League 2003,0
2026-02,Arena League 2004,34
2026-02,Arena League 2006,2
2026-02,Assassin's Creed,3
2026-02,Avacyn Restored,34
2026-02,Avacyn Restored Promos,0
2026-02,Avatar: The Last Airbender,120
2026-02,Avatar: The Last Airbender Eternal,18
2026-02,Battle for Zendikar,12
2026-02,Battlebond,19
2026-02,Betrayers of Kamigawa,16
2026-02,Bloomburrow,72
2026-02,Bloomburrow Commander,4
2026-02,Born of the Gods,13
2026-02,Champions of Kamigawa,47
2026-02,Coldsnap,28
2026-02,Commander 2011,23
2026-02,Commander 2013,17
2026-02,Commander 2014,19
2026-02,Commander 2015,16
2026-02,Commander 2016,0
2026-02,Commander 2018,29
2026-02,Commander 2019,30
2026-02,Commander 2020,2
2026-02,Commander 2021,31
2026-02,Commander Legends,83
2026-02,Commander Legends: Battle for Baldur's Gate,148
2026-02,Commander Masters,5
2026-02,Conflux,110
2026-02,Conspiracy,9
2026-02,Conspiracy: Take the Crown,34
2026-02,Core Set 2019,6
2026-02,Core Set 2020,69
2026-02,Core Set 2021,14
2026-02,Crimson Vow Commander,1
2026-02,Dark Ascension,67
2026-02,Dark Ascension Promos,0
2026-02,Darksteel,63
2026-02,Dissension,80
2026-02,Doctor Who,8
2026-02,Dominaria,26
2026-02,Dominaria United,56
2026-02,Dominaria United Commander,3
2026-02,Dragon's Maze,0
2026-02,Dragon's Maze Promos,1
2026-02,Dragons of Tarkir,11
2026-02,Duel Decks: Blessed vs. Cursed,1
2026-02,Duel Decks: Izzet vs. Golgari,0
2026-02,Duel Decks: Zendikar vs. Eldrazi,1
2026-02,Duskmourn: House of Horror,212
2026-02,Duskmourn: House of Horror Commander,36
2026-02,Edge of Eternities,180
2026-02,Edge of Eternities Commander,2
2026-02,Eldritch Moon,65
2026-02,Eventide,2
2026-02,Exodus,53
2026-02,Fallen Empires,11
2026-02,Fallout,37
2026-02,Fate Reforged,2
2026-02,Fifth Dawn,73
2026-02,Final Fantasy,30
2026-02,Final Fantasy Commander,12
2026-02,Forgotten Realms Commander,3
2026-02,Foundations,27
2026-02,Foundations Jumpstart,27
2026-02,Friday Night Magic 2003,0
2026-02,Friday Night Magic 2011,2
2026-02,Friday Night Magic 2012,2
2026-02,Friday Night Magic 2013,1
2026-02,Friday Night Magic 2014,1
2026-02,Friday Night Magic 2015,0
2026-02,Friday Night Magic 2016,1
2026-02,Friday Night Magic 2017,69
2026-02,From the Vault: Legends,0
2026-02,Future Sight,95
2026-02,Game Day Promos,5
2026-02,Gatecrash,5
2026-02,Guildpact,9
2026-02,Guilds of Ravnica,32
2026-02,HarperPrism Book Promos,15
2026-02,Homelands,33
2026-02,Hour of Devastation,29
2026-02,Ice Age,160
2026-02,Ikoria: Lair of Behemoths,26
2026-02,Innistrad,69
2026-02,Innistrad: Crimson Vow,44
2026-02,Innistrad: Midnight Hunt,142
2026-02,Invasion,52
2026-02,Ixalan,9
2026-02,Journey into Nyx,3
2026-02,Journey into Nyx Promos,0
2026-02,Judge Gift Cards 1998,0
2026-02,Judgment,27
2026-02,Jumpstart,2
2026-02,Jumpstart 2022,2
2026-02,Jurassic World Collection,2
2026-02,Kaladesh,12
2026-02,Kaladesh Inventions,11
2026-02,Kaldheim,17
2026-02,Kamigawa: Neon Dynasty,128
2026-02,Khans of Tarkir,37
2026-02,Legends,63
2026-02,Legions,2
2026-02,Limited Edition Alpha,676
2026-02,Limited Edition Beta,0
2026-02,Lorwyn,185
2026-02,Lorwyn Eclipsed,106
2026-02,Lorwyn Eclipsed Commander,0
2026-02,Lorwyn Promos,0
2026-02,MTG Arena Promos,0
2026-02,Magic 2010,20
2026-02,Magic 2010 Promos,0
2026-02,Magic 2011,90
2026-02,Magic 2011 Promos,0
2026-02,Magic 2012,4
2026-02,Magic 2013,8
2026-02,Magic 2014,15
2026-02,Magic 2015,0
2026-02,Magic 2015 Promos,3
2026-02,Magic Origins,8
2026-02,MagicFest 2025,0
2026-02,March of the Machine,32
2026-02,March of the Machine Commander,23
2026-02,March of the Machine: The Aftermath,25
2026-02,Mercadian Masques,47
2026-02,Mirage,117
2026-02,Mirrodin,244
2026-02,Mirrodin Besieged,29
2026-02,Mirrodin Besieged Promos,0
2026-02,Modern Horizons,271
2026-02,Modern Horizons 2,621
2026-02,Modern Horizons 3,667
2026-02,Modern Horizons 3 Commander,111
2026-02,Morningtide,19
2026-02,Murders at Karlov Manor,84
2026-02,Murders at Karlov Manor Commander,0
2026-02,Nemesis,46
2026-02,Neon Dynasty Commander,11
2026-02,New Capenna Commander,4
2026-02,New Phyrexia,218
2026-02,New Phyrexia Promos,8
2026-02,Oath of the Gatewatch,14
2026-02,Odyssey,36
2026-02,Onslaught,21
2026-02,Outlaws of Thunder Junction,43
2026-02,Outlaws of Thunder Junction Commander,1
2026-02,Phyrexia: All Will Be One,45
2026-02,Phyrexia: All Will Be One Commander,3
2026-02,Planar Chaos,9
2026-02,Planechase 2012,18
2026-02,Planeshift,31
2026-02,Portal,12
2026-02,Portal Second Age,38
2026-02,Portal Three Kingdoms,18
2026-02,Prophecy,2
2026-02,Ravnica Allegiance,9
2026-02,Ravnica: City of Guilds,123
2026-02,Ravnica: Clue Edition,42
2026-02,Return to Ravnica,96
2026-02,Return to Ravnica Promos,19
2026-02,Rise of the Eldrazi,133
2026-02,Rivals of Ixalan,1
2026-02,Salvat 2005,6
2026-02,San Diego Comic-Con 2013,0
2026-02,San Diego Comic-Con 2015,11
2026-02,Saviors of Kamigawa,4
2026-02,Scars of Mirrodin,60
2026-02,Scars of Mirrodin Promos,2
2026-02,Scourge,48
2026-02,Secret Lair Drop,6
2026-02,Shadowmoor,10
2026-02,Shadows over Innistrad,17
2026-02,Shards of Alara,55
2026-02,Spotlight Series,18
2026-02,Starter 1999,10
2026-02,Streets of New Capenna,4
2026-02,Streets of New Capenna Promos,36
2026-02,Strixhaven Mystical Archive,0
2026-02,Strixhaven: School of Mages,62
2026-02,Stronghold,150
2026-02,Tales of Middle-earth Commander,44
2026-02,Tarkir: Dragonstorm,136
2026-02,Tarkir: Dragonstorm Commander,3
2026-02,Teenage Mutant Ninja Turtles,0
2026-02,Teenage Mutant Ninja Turtles Eternal,0
2026-02,Tempest,115
2026-02,The Big Score,8
2026-02,The Brothers' War,49
2026-02,The Brothers' War Commander,0
2026-02,The Dark,37
2026-02,The List,2
2026-02,The Lord of the Rings: Tales of Middle-earth,399
2026-02,The Lost Caverns of Ixalan,184
2026-02,The Lost Caverns of Ixalan Commander,38
2026-02,Theros,7
2026-02,Theros Beyond Death,105
2026-02,Theros Promos,8
2026-02,Throne of Eldraine,153
2026-02,Through the Omenpaths,64
2026-02,Time Spiral,15
2026-02,Time Spiral Promos,0
2026-02,Torment,17
2026-02,Transformers,0
2026-02,Treasure Chest,2
2026-02,Ugin's Fate,3
2026-02,Unfinity,16
2026-02,Urza's Destiny,1
2026-02,Urza's Legacy,196
2026-02,Urza's Saga,169
2026-02,Visions,82
2026-02,War of the Spark,151
2026-02,"Warhammer 40,000 Commander",23
2026-02,Weatherlight,32
2026-02,Wilds of Eldraine,41
2026-02,Wilds of Eldraine Commander,2
2026-02,Wizards Play Network 2012,0
2026-02,Wizards Play Network 2024,0
2026-02,Worldwake,43
2026-02,Zendikar,112
2026-02,Zendikar Rising,73
2026-03,Adventures in the Forgotten Realms,2
2026-03,Aether Revolt,0
2026-03,Aetherdrift,11
2026-03,Aetherdrift Commander,0
2026-03,Alara Reborn,0
2026-03,Alliances,15
2026-03,Amonkhet,2
2026-03,Amonkhet Invocations,0
2026-03,Antiquities,0
2026-03,Apocalypse,5
2026-03,Arabian Nights,0
2026-03,Arena League 2003,0
2026-03,Arena League 2004,5
2026-03,Arena League 2006,0
2026-03,Assassin's Creed,0
2026-03,Avacyn Restored,6
2026-03,Avacyn Restored Promos,0
2026-03,Avatar: The Last Airbender,21
2026-03,Avatar: The Last Airbender Eternal,4
2026-03,Battle for Zendikar,0
2026-03,Battlebond,3
2026-03,Betrayers of Kamigawa,1
2026-03,Bloomburrow,17
2026-03,Bloomburrow Commander,1
2026-03,Born of the Gods,2
2026-03,Champions of Kamigawa,0
2026-03,Coldsnap,3
2026-03,Commander 2011,7
2026-03,Commander 2013,0
2026-03,Commander 2014,3
2026-03,Commander 2015,3
2026-03,Commander 2016,0
2026-03,Commander 2018,1
2026-03,Commander 2019,3
2026-03,Commander 2020,0
2026-03,Commander 2021,8
2026-03,Commander Legends,16
2026-03,Commander Legends: Battle for Baldur's Gate,42
2026-03,Commander Masters,0
2026-03,Conflux,19
2026-03,Conspiracy,0
2026-03,Conspiracy: Take the Crown,3
2026-03,Core Set 2019,0
2026-03,Core Set 2020,5
2026-03,Core Set 2021,0
2026-03,Crimson Vow Commander,0
2026-03,Dark Ascension,5
2026-03,Dark Ascension Promos,0
2026-03,Darksteel,6
2026-03,Dissension,10
2026-03,Doctor Who,0
2026-03,Dominaria,2
2026-03,Dominaria United,11
2026-03,Dominaria United Commander,0
2026-03,Dragon's Maze,1
2026-03,Dragon's Maze Promos,0
2026-03,Dragons of Tarkir,2
2026-03,Duel Decks: Blessed vs. Cursed,0
2026-03,Duel Decks: Izzet vs. Golgari,0
2026-03,Duel Decks: Zendikar vs. Eldrazi,0
2026-03,Duskmourn: House of Horror,38
2026-03,Duskmourn: House of Horror Commander,12
2026-03,Edge of Eternities,28
2026-03,Edge of Eternities Commander,1
2026-03,Eldritch Moon,8
2026-03,Eventide,1
2026-03,Exodus,8
2026-03,Fallen Empires,2
2026-03,Fallout,3
2026-03,Fate Reforged,0
2026-03,Fifth Dawn,1
2026-03,Final Fantasy,3
2026-03,Final Fantasy Commander,4
2026-03,Forgotten Realms Commander,1
2026-03,Foundations,1
2026-03,Foundations Jumpstart,11
2026-03,Friday Night Magic 2003,0
2026-03,Friday Night Magic 2011,0
2026-03,Friday Night Magic 2012,0
2026-03,Friday Night Magic 2013,0
2026-03,Friday Night Magic 2014,0
2026-03,Friday Night Magic 2015,0
2026-03,Friday Night Magic 2016,0
2026-03,Friday Night Magic 2017,16
2026-03,From the Vault: Legends,0
2026-03,Future Sight,23
2026-03,Game Day Promos,0
2026-03,Gatecrash,0
2026-03,Guildpact,1
2026-03,Guilds of Ravnica,8
2026-03,HarperPrism Book Promos,0
2026-03,Homelands,6
2026-03,Hour of Devastation,7
2026-03,Ice Age,21
2026-03,Ikoria: Lair of Behemoths,4
2026-03,Innistrad,16
2026-03,Innistrad: Crimson Vow,11
2026-03,Innistrad: Midnight Hunt,16
2026-03,Invasion,8
2026-03,Ixalan,0
2026-03,Journey into Nyx,1
2026-03,Journey into Nyx Promos,0
2026-03,Judge Gift Cards 1998,0
2026-03,Judgment,4
2026-03,Jumpstart,2
2026-03,Jumpstart 2022,0
2026-03,Jurassic World Collection,1
2026-03,Kaladesh,2
2026-03,Kaladesh Inventions,0
2026-03,Kaldheim,0
2026-03,Kamigawa: Neon Dynasty,15
2026-03,Khans of Tarkir,5
2026-03,Legends,14
2026-03,Legions,0
2026-03,Limited Edition Alpha,113
2026-03,Limited Edition Beta,0
2026-03,Lorwyn,26
2026-03,Lorwyn Eclipsed,29
2026-03,Lorwyn Eclipsed Commander,0
2026-03,Lorwyn Promos,0
2026-03,MTG Arena Promos,0
2026-03,Magic 2010,3
2026-03,Magic 2010 Promos,0
2026-03,Magic 2011,14
2026-03,Magic 2011 Promos,0
2026-03,Magic 2012,2
2026-03,Magic 2013,0
2026-03,Magic 2014,6
2026-03,Magic 2015,0
2026-03,Magic 2015 Promos,0
2026-03,Magic Origins,0
2026-03,MagicFest 2025,0
2026-03,March of the Machine,3
2026-03,March of the Machine Commander,7
2026-03,March of the Machine: The Aftermath,4
2026-03,Mercadian Masques,11
2026-03,Mirage,18
2026-03,Mirrodin,13
2026-03,Mirrodin Besieged,11
2026-03,Mirrodin Besieged Promos,0
2026-03,Modern Horizons,33
2026-03,Modern Horizons 2,123
2026-03,Modern Horizons 3,111
2026-03,Modern Horizons 3 Commander,29
2026-03,Morningtide,3
2026-03,Murders at Karlov Manor,10
2026-03,Murders at Karlov Manor Commander,0
2026-03,Nemesis,9
2026-03,Neon Dynasty Commander,0
2026-03,New Capenna Commander,3
2026-03,New Phyrexia,39
2026-03,New Phyrexia Promos,0
2026-03,Oath of the Gatewatch,0
2026-03,Odyssey,3
2026-03,Onslaught,2
2026-03,Outlaws of Thunder Junction,11
2026-03,Outlaws of Thunder Junction Commander,0
2026-03,Phyrexia: All Will Be One,8
2026-03,Phyrexia: All Will Be One Commander,1
2026-03,Planar Chaos,1
2026-03,Planechase 2012,3
2026-03,Planeshift,6
2026-03,Portal,2
2026-03,Portal Second Age,6
2026-03,Portal Three Kingdoms,2
2026-03,Prophecy,1
2026-03,Ravnica Allegiance,1
2026-03,Ravnica: City of Guilds,17
2026-03,Ravnica: Clue Edition,14
2026-03,Return to Ravnica,22
2026-03,Return to Ravnica Promos,1
2026-03,Rise of the Eldrazi,26
2026-03,Rivals of Ixalan,0
2026-03,Salvat 2005,2
2026-03,San Diego Comic-Con 2013,0
2026-03,San Diego Comic-Con 2015,0
2026-03,Saviors of Kamigawa,0
2026-03,Scars of Mirrodin,3
2026-03,Scars of Mirrodin Promos,0
2026-03,Scourge,5
2026-03,Secret Lair Drop,0
2026-03,Shadowmoor,0
2026-03,Shadows over Innistrad,1
2026-03,Shards of Alara,2
2026-03,Spotlight Series,3
2026-03,Starter 1999,2
2026-03,Streets of New Capenna,0
2026-03,Streets of New Capenna Promos,5
2026-03,Strixhaven Mystical Archive,0
2026-03,Strixhaven: School of Mages,11
2026-03,Stronghold,20
2026-03,Tales of Middle-earth Commander,7
2026-03,Tarkir: Dragonstorm,25
2026-03,Tarkir: Dragonstorm Commander,0
2026-03,Teenage Mutant Ninja Turtles,5
2026-03,Teenage Mutant Ninja Turtles Eternal,2
2026-03,Tempest,13
2026-03,The Big Score,3
2026-03,The Brothers' War,5
2026-03,The Brothers' War Commander,0
2026-03,The Dark,6
2026-03,The List,0
2026-03,The Lord of the Rings: Tales of Middle-earth,75
2026-03,The Lost Caverns of Ixalan,45
2026-03,The Lost Caverns of Ixalan Commander,12
2026-03,Theros,0
2026-03,Theros Beyond Death,11
2026-03,Theros Promos,2
2026-03,Throne of Eldraine,28
2026-03,Through the Omenpaths,6
2026-03,Time Spiral,0
2026-03,Time Spiral Promos,0
2026-03,Torment,1
2026-03,Transformers,0
2026-03,Treasure Chest,0
2026-03,Ugin's Fate,0
2026-03,Unfinity,3
2026-03,Urza's Destiny,1
2026-03,Urza's Legacy,12
2026-03,Urza's Saga,22
2026-03,Visions,13
2026-03,War of the Spark,20
2026-03,"Warhammer 40,000 Commander",8
2026-03,Weatherlight,0
2026-03,Wilds of Eldraine,6
2026-03,Wilds of Eldraine Commander,0
2026-03,Wizards Play Network 2012,0
2026-03,Wizards Play Network 2024,0
2026-03,Worldwake,6
2026-03,Zendikar,11
2026-03,Zendikar Rising,5
